"path","bytes","sha256"
"EXP-SHIL-FIXED-C-001/commands/remote_launch_fixed_c.sh","4541","767CEE25453B4270A7265C95E28D9021B1AC697A25597311A74AB5640F021C91"
"EXP-SHIL-FIXED-C-001/commands/start_remote_fixed_c.sh","671","50F55F9C534462683F2AD9DE701CEC359E4953806BCF1E9604C476BA49DE3332"
"EXP-SHIL-FIXED-C-001/config/full_config.json","2309","7D911963E408934093BB65F901B735337D4503027EFE8DD985DE52D1AD1E2FB8"
"EXP-SHIL-FIXED-C-001/config/partitioned_full_real/full_real_seed_101.json","2699","AE5011369CD54866334C5AB3CBE2B42358CE0EAA975E4E7A5711A2FA956F8BB7"
"EXP-SHIL-FIXED-C-001/config/partitioned_full_real/full_real_seed_11.json","2697","101DB89C024048E4CFB31B2B422AC46AF8CFAA4DB136627208D9F5977F67296C"
"EXP-SHIL-FIXED-C-001/config/partitioned_full_real/full_real_seed_131.json","2699","B8BD78F96540972113946948FB6542D3109D4C4342BAF52F3F3DE12680C6514C"
"EXP-SHIL-FIXED-C-001/config/partitioned_full_real/full_real_seed_157.json","2699","85E3DD08D829A6C6CBF2D697A2641551D505DF5CF96847F5E7D9E77A7B69C84B"
"EXP-SHIL-FIXED-C-001/config/partitioned_full_real/full_real_seed_181.json","2699","5D8F01EA92FE1CB3700D4BE88F3DA2EE3BDC2617F8ECB87496FFA567F0D8D87E"
"EXP-SHIL-FIXED-C-001/config/partitioned_full_real/full_real_seed_23.json","2697","2BEAEB58573D631F3452F5B4BBDDAF664B23A1D6064E4D0CC8A3171C1F837298"
"EXP-SHIL-FIXED-C-001/config/partitioned_full_real/full_real_seed_37.json","2697","1C3C6191B61F9717AAB79DF0A3D31FF3031AF994797354B0699165B2D1F1996D"
"EXP-SHIL-FIXED-C-001/config/partitioned_full_real/full_real_seed_53.json","2697","6AE1726630797051DE2777B716453EC400C045C3B789016EB2EE061C01002B09"
"EXP-SHIL-FIXED-C-001/config/partitioned_full_real/full_real_seed_71.json","2697","2984B2023E9D9B60CD147B121FFE152969C7A91101C56C0626F96BF685224C88"
"EXP-SHIL-FIXED-C-001/config/partitioned_full_real/full_real_seed_89.json","2697","77DBDEE91AF3E4561968B6A318E9F4D9F8D7AF8C370E1CE5F1E36D1C0EA97F8E"
"EXP-SHIL-FIXED-C-001/dry_bean/analysis/analysis_identity.json","702","B5F1B002DCD308FAA129E51005A2736F7C0EE93BCAE6CA5F081EE6FCAC65A015"
"EXP-SHIL-FIXED-C-001/dry_bean/analysis/analysis_summary.json","774","7EE5204BBDE9CDB9A3E654C0C26A3FA3625D096918FA3E949B08B98D3696EF87"
"EXP-SHIL-FIXED-C-001/dry_bean/analysis/method_summary.csv","432","7D46AC4A82FF163F9B110763D1DE2D17179A5CC767BB1FD156BA769BB88B1613"
"EXP-SHIL-FIXED-C-001/dry_bean/analysis/output_hashes.json","389","CFD87F9CC2F7187876A8C9EA043C94C725C0BBD6632EA031104F4CB6C804AD8F"
"EXP-SHIL-FIXED-C-001/dry_bean/analysis/paired_timing_and_metrics.csv","2082","F355EB01894F0E66ECF70DD8E4E80B83F6A3DCA6BC9850D64D8598141F1DFCB9"
"EXP-SHIL-FIXED-C-001/dry_bean/outputs/full-real-combined/base_fit_diagnostics.csv","158304","861952E5CEA83C5ABC0F9BC9F8B21EB0E495C64AA695720EABB83B753D393EA7"
"EXP-SHIL-FIXED-C-001/dry_bean/outputs/full-real-combined/calibration_path.csv","21183","E3319D697ED4D25A4FE10A4F66286676C0E94D1FE55ECB553BF622B531B18513"
"EXP-SHIL-FIXED-C-001/dry_bean/outputs/full-real-combined/config_resolved.json","2309","7D911963E408934093BB65F901B735337D4503027EFE8DD985DE52D1AD1E2FB8"
"EXP-SHIL-FIXED-C-001/dry_bean/outputs/full-real-combined/dataset_manifest.csv","13594","6B2747DFA540F13B96C95A1DED0FA94CDB141E28F2636E2FA05687CED0027143"
"EXP-SHIL-FIXED-C-001/dry_bean/outputs/full-real-combined/environment.json","8215","9B27FCDECD82E254B7129ADDAED4B35A26AC071F5C3DD3CD6BCF4E08C3A476C3"
"EXP-SHIL-FIXED-C-001/dry_bean/outputs/full-real-combined/metrics.csv","6530","73449E3FA07E9AAE717EDD17F84598E87591457972E47C46F6791AC9656F06FC"
"EXP-SHIL-FIXED-C-001/dry_bean/outputs/full-real-combined/output_hashes.json","1027","7D735FECEDA1AA5471AB729964E704851135DF632372C2F0E8927A14E112BDEA"
"EXP-SHIL-FIXED-C-001/dry_bean/outputs/full-real-combined/partition_manifest.json","3582","EEC2612F9133A8F3BC7EDC74332B43C188FC91A2E2028D7380C439CEF85403FF"
"EXP-SHIL-FIXED-C-001/dry_bean/outputs/full-real-combined/run_identity.json","496","9CC5DC97422749DBD2CD712560C922D4DC961D72993DC91D4C1E8A7B3A2D91E0"
"EXP-SHIL-FIXED-C-001/dry_bean/outputs/full-real-combined/run_summary.json","238","07D938AD7BDFC8AD61E7651BC30C049AB6951948CECF4727B1B1E916C44D6CAC"
"EXP-SHIL-FIXED-C-001/dry_bean/outputs/full-real-combined/selected_edges.csv","3063","FAF80873370218B7F74C595E6D2A388414E7741BC4091A1BAFD1B805B0452A8F"
"EXP-SHIL-FIXED-C-001/dry_bean/outputs/full-real-combined/selection_frequencies.csv","3856597","85482BD40C75C7D675375CF9F3DDE9D23A7F4C746DFE4AA8377669129A04A977"
"EXP-SHIL-FIXED-C-001/dry_bean/outputs/full-real-partitions/orchestrator_status.json","486","298FF2B4EE6FD5385097023C9F4AF04599CD034541BB6450AA7A0B1F4BFA2085"
"EXP-SHIL-FIXED-C-001/dry_bean/outputs/full-real-partitions/seed-101/attempt-01.heartbeat.json","128","779D52AE6BA289CCD2608C76F13F264DFC6F9FA7CB196CB0EE2769F2BA5A9235"
"EXP-SHIL-FIXED-C-001/dry_bean/outputs/full-real-partitions/seed-101/attempt-01/base_fit_diagnostics.csv","16181","06134450AC1670CD0C8006761AEAB48EFE0CF6F39A73D8F2E57540637E15399C"
"EXP-SHIL-FIXED-C-001/dry_bean/outputs/full-real-partitions/seed-101/attempt-01/calibration_path.csv","2305","911436D0461CDAB9DF6F987D91B4BBB3FA9F5E5815AAF8843C21FFB05B4CEB6C"
"EXP-SHIL-FIXED-C-001/dry_bean/outputs/full-real-partitions/seed-101/attempt-01/config_resolved.json","2699","AE5011369CD54866334C5AB3CBE2B42358CE0EAA975E4E7A5711A2FA956F8BB7"
"EXP-SHIL-FIXED-C-001/dry_bean/outputs/full-real-partitions/seed-101/attempt-01/dataset_manifest.csv","1405","3420D342BA3D804564A988FA2BC1B26765F12732A2F35766D1BF5AC24E0379D6"
"EXP-SHIL-FIXED-C-001/dry_bean/outputs/full-real-partitions/seed-101/attempt-01/environment.json","744","7C0F6143D4722F614600EAFF74466CEF17B4F863F2A9270383AEA920BF36DA9A"
"EXP-SHIL-FIXED-C-001/dry_bean/outputs/full-real-partitions/seed-101/attempt-01/metrics.csv","1122","6FDF2906B077F780824BCF3D6D187A8F84107F1219B4637DA5EF5534F0D9EBE0"
"EXP-SHIL-FIXED-C-001/dry_bean/outputs/full-real-partitions/seed-101/attempt-01/output_hashes.json","1018","067DA89BF5FCC141D84DA0565299BB39A159A4EF9094ABC3869FD11B346339AA"
"EXP-SHIL-FIXED-C-001/dry_bean/outputs/full-real-partitions/seed-101/attempt-01/partition_status.json","656","01271F4295ABD12D7B09E867745593AED460027C7D6639B356A06CBA73926BCA"
"EXP-SHIL-FIXED-C-001/dry_bean/outputs/full-real-partitions/seed-101/attempt-01/progress.jsonl","312","AE461A2AF6D679B23FA4DBAFF887D8950EA10782FA60CEB1B10329B8F91AAE30"
"EXP-SHIL-FIXED-C-001/dry_bean/outputs/full-real-partitions/seed-101/attempt-01/run_identity.json","903","20BC43DF200792A839AE321BD1CEB21C71E92F2850F764A91BBBAB1E5157395A"
"EXP-SHIL-FIXED-C-001/dry_bean/outputs/full-real-partitions/seed-101/attempt-01/run_summary.json","228","0D958040C9BE7D309ABECAE2A1D2E2C587E269095DE8F8384D560059741C8B59"
"EXP-SHIL-FIXED-C-001/dry_bean/outputs/full-real-partitions/seed-101/attempt-01/selected_edges.csv","320","F9DF7A55EE7122DEC771814547FB7940149A1D618C9A10B0AFB6384EE75B5D4E"
"EXP-SHIL-FIXED-C-001/dry_bean/outputs/full-real-partitions/seed-101/attempt-01/selection_frequencies.csv","392179","C60918FFCF4AB7359BC0A5A2CD38A7CB5365F43AF411872F25AB8F7538EFD283"
"EXP-SHIL-FIXED-C-001/dry_bean/outputs/full-real-partitions/seed-11/attempt-01.heartbeat.json","127","B8DB40BCFC45A63CECDE773EE40C40F3A8CD7F833AC2F77E4F67500EDC037651"
"EXP-SHIL-FIXED-C-001/dry_bean/outputs/full-real-partitions/seed-11/attempt-01/base_fit_diagnostics.csv","15868","9E01E67DA4D9B892609749E91A5434CDF3CF36A77C8950B5A986A8DF7B3CB745"
"EXP-SHIL-FIXED-C-001/dry_bean/outputs/full-real-partitions/seed-11/attempt-01/calibration_path.csv","1713","817D898CEE770A71FCB08175494FA3DD35E03938BF386B17A424BDBE6B34142F"
"EXP-SHIL-FIXED-C-001/dry_bean/outputs/full-real-partitions/seed-11/attempt-01/config_resolved.json","2697","101DB89C024048E4CFB31B2B422AC46AF8CFAA4DB136627208D9F5977F67296C"
"EXP-SHIL-FIXED-C-001/dry_bean/outputs/full-real-partitions/seed-11/attempt-01/dataset_manifest.csv","1404","84C1D4709A67DDA8A33A6537752736680C159010321A5E1E2E96F0AA495B8DEE"
"EXP-SHIL-FIXED-C-001/dry_bean/outputs/full-real-partitions/seed-11/attempt-01/environment.json","744","9433666BCF7D8C69CCB4E60D90B1D9A1566C3ABD75A43ADA0AC53240B1BB3C67"
"EXP-SHIL-FIXED-C-001/dry_bean/outputs/full-real-partitions/seed-11/attempt-01/metrics.csv","1121","81F68DC03B6C261806C6FDB28EAC9DC8E376E194EC99ABF7623CE728971A2858"
"EXP-SHIL-FIXED-C-001/dry_bean/outputs/full-real-partitions/seed-11/attempt-01/output_hashes.json","1018","5BBB74E462ED7604E678677A0DF3D52F03CAB7093E7F83B010BC5D8B99B76670"
"EXP-SHIL-FIXED-C-001/dry_bean/outputs/full-real-partitions/seed-11/attempt-01/partition_status.json","652","FD29FBB6DA4A97FD18168B6EBA1A8667AE2D6E13FE2E3503C8A26C2240D2C453"
"EXP-SHIL-FIXED-C-001/dry_bean/outputs/full-real-partitions/seed-11/attempt-01/progress.jsonl","310","23F7345222CE07F48A3E86EE03A50127E0683D71D055B49BA070AC23563701D6"
"EXP-SHIL-FIXED-C-001/dry_bean/outputs/full-real-partitions/seed-11/attempt-01/run_identity.json","902","FF05C10238B1719730E8A99A4195B7328111B32E961525F3804665D1F370DC13"
"EXP-SHIL-FIXED-C-001/dry_bean/outputs/full-real-partitions/seed-11/attempt-01/run_summary.json","228","19D052BF787A2D99850B9EE77398642E153032A0ECDB1DDC8425FB7C78C3A4AC"
"EXP-SHIL-FIXED-C-001/dry_bean/outputs/full-real-partitions/seed-11/attempt-01/selected_edges.csv","368","F6F74A245A48FFBC32D6651FDDF0011486496FBB4CA106509FF1AC21C39D0BC9"
"EXP-SHIL-FIXED-C-001/dry_bean/outputs/full-real-partitions/seed-11/attempt-01/selection_frequencies.csv","381297","35043DB269B087A04BF6229B28BCE381E9DD6BCB730797E274E9C7DD9022D78E"
"EXP-SHIL-FIXED-C-001/dry_bean/outputs/full-real-partitions/seed-131/attempt-01.heartbeat.json","128","FCFB27ABC806E54B7D3026DA74B663FDDE30E7B9338506B9D035141598DD5623"
"EXP-SHIL-FIXED-C-001/dry_bean/outputs/full-real-partitions/seed-131/attempt-01/base_fit_diagnostics.csv","16181","80F207218F3F2B88CC84C27E7F4AA0EBDD26D0436FC5DD9BA3438008080BC025"
"EXP-SHIL-FIXED-C-001/dry_bean/outputs/full-real-partitions/seed-131/attempt-01/calibration_path.csv","2401","115105A14D1B0F0FD4367CD253D669F464561D7A3B6C987CA5A4AE14B43C8A9A"
"EXP-SHIL-FIXED-C-001/dry_bean/outputs/full-real-partitions/seed-131/attempt-01/config_resolved.json","2699","B8BD78F96540972113946948FB6542D3109D4C4342BAF52F3F3DE12680C6514C"
"EXP-SHIL-FIXED-C-001/dry_bean/outputs/full-real-partitions/seed-131/attempt-01/dataset_manifest.csv","1405","5EB1C62945B7EE6DDA43E64AA9A383AD2CFF15A9DF9A7A2E280E614B38750D74"
"EXP-SHIL-FIXED-C-001/dry_bean/outputs/full-real-partitions/seed-131/attempt-01/environment.json","744","329D7DBC4131A085DFCCD5FF16F6D974D2474E303F0B51328D89CF9FEE5E6D5F"
"EXP-SHIL-FIXED-C-001/dry_bean/outputs/full-real-partitions/seed-131/attempt-01/metrics.csv","1121","6D96061584AF898B0657FF8EF4B4556960CCA8BC0BE3AF7CE40BC34921F164F9"
"EXP-SHIL-FIXED-C-001/dry_bean/outputs/full-real-partitions/seed-131/attempt-01/output_hashes.json","1018","CEC42FE54D73BA1C7506D7A2B17365ACB687783F1ABD796AC75436B6DE0353BC"
"EXP-SHIL-FIXED-C-001/dry_bean/outputs/full-real-partitions/seed-131/attempt-01/partition_status.json","654","E554DAC2318B3DB1A997475323B9B5A18CC716747C830F284963562149CA9626"
"EXP-SHIL-FIXED-C-001/dry_bean/outputs/full-real-partitions/seed-131/attempt-01/progress.jsonl","312","BE26C8B75462CE2E66B256250347A067DF0314C99D4888960C46E4483E129951"
"EXP-SHIL-FIXED-C-001/dry_bean/outputs/full-real-partitions/seed-131/attempt-01/run_identity.json","903","91F9354E70BB0A9AAF45E38C868D18B1855EA1FF9E2B33FDED97406534CD005D"
"EXP-SHIL-FIXED-C-001/dry_bean/outputs/full-real-partitions/seed-131/attempt-01/run_summary.json","228","939E94C6802B8DD9F2C013ABC5CDB66262B752182A687677CE0A9074A90143AB"
"EXP-SHIL-FIXED-C-001/dry_bean/outputs/full-real-partitions/seed-131/attempt-01/selected_edges.csv","320","B411818DF46D1D9D802CE3D256B7B88E860E9EB2D12B4ADD16C4155F74ED07B2"
"EXP-SHIL-FIXED-C-001/dry_bean/outputs/full-real-partitions/seed-131/attempt-01/selection_frequencies.csv","392172","2EC65D9CB4EBB7D09897B0A2A4149DD10CCB16DB87F2165626A67B5D3CBE0C37"
"EXP-SHIL-FIXED-C-001/dry_bean/outputs/full-real-partitions/seed-157/attempt-01.heartbeat.json","128","B83637F78384F82BCB0F37193E2A7C8EC03B0074CFF0D53A1D295BD0E4B303D7"
"EXP-SHIL-FIXED-C-001/dry_bean/outputs/full-real-partitions/seed-157/attempt-01/base_fit_diagnostics.csv","16191","7A5A22BAC624B81B4113AFAE0DA3E299334BE11DF56328775B1AC5A293DFDCF0"
"EXP-SHIL-FIXED-C-001/dry_bean/outputs/full-real-partitions/seed-157/attempt-01/calibration_path.csv","2439","981D2703B6FEDEBD90D4C7E90853F02C6EBFB3B38AD153C2B0E350CE60CC809C"
"EXP-SHIL-FIXED-C-001/dry_bean/outputs/full-real-partitions/seed-157/attempt-01/config_resolved.json","2699","85E3DD08D829A6C6CBF2D697A2641551D505DF5CF96847F5E7D9E77A7B69C84B"
"EXP-SHIL-FIXED-C-001/dry_bean/outputs/full-real-partitions/seed-157/attempt-01/dataset_manifest.csv","1405","92F4C265B00401A161064B7D81D463A6F0E810DDCB057CBA809E6184EA01B7C8"
"EXP-SHIL-FIXED-C-001/dry_bean/outputs/full-real-partitions/seed-157/attempt-01/environment.json","744","42208DE929CC59CB6CFFE939DB2391B36731CDD7FE377A4101023ACAAFE732B8"
"EXP-SHIL-FIXED-C-001/dry_bean/outputs/full-real-partitions/seed-157/attempt-01/metrics.csv","1122","A3FE5495255BC58712D4EA023BD627C1ECF72A3AA41F3AF4FD4EE378C44B0F62"
"EXP-SHIL-FIXED-C-001/dry_bean/outputs/full-real-partitions/seed-157/attempt-01/output_hashes.json","1018","ABD91B32F35D84D1CC566DD0ADB2724FCF6B5D767ACA3FC47A73D029D978A4DC"
"EXP-SHIL-FIXED-C-001/dry_bean/outputs/full-real-partitions/seed-157/attempt-01/partition_status.json","656","C00EF01DE0FB48B2DD8D74507265F7A3299574C20200E54E9F7500730F4A9FCA"
"EXP-SHIL-FIXED-C-001/dry_bean/outputs/full-real-partitions/seed-157/attempt-01/progress.jsonl","312","A51C306D238C6B0F8BE349F01F7C26A18F7DD3DA11F698EBB36050533631A01C"
"EXP-SHIL-FIXED-C-001/dry_bean/outputs/full-real-partitions/seed-157/attempt-01/run_identity.json","903","C298A08FF00ADAB72462CF65DADA7FD03EB02DAF6EE14295AAAD8F8278D094FB"
"EXP-SHIL-FIXED-C-001/dry_bean/outputs/full-real-partitions/seed-157/attempt-01/run_summary.json","228","7132A1EF6002BEC7F4B73BC52162ECB8D9CF81624A65162149933A0F0F8282C4"
"EXP-SHIL-FIXED-C-001/dry_bean/outputs/full-real-partitions/seed-157/attempt-01/selected_edges.csv","320","A62F7FF05D02339FDD60EBE087011F688FB555407BAF414618BF3857581FD3D3"
"EXP-SHIL-FIXED-C-001/dry_bean/outputs/full-real-partitions/seed-157/attempt-01/selection_frequencies.csv","392167","F5DF7F5F8FEAFCD61942BC2BBD25D2575174DF03A4483BBAEC3CCCB8577C1288"
"EXP-SHIL-FIXED-C-001/dry_bean/outputs/full-real-partitions/seed-181/attempt-01.heartbeat.json","128","EDCBF4A01762E91643F2113385638CB0120322F6FA9C4F66C24D656D2220E41D"
"EXP-SHIL-FIXED-C-001/dry_bean/outputs/full-real-partitions/seed-181/attempt-01/base_fit_diagnostics.csv","16186","E1E87D4CF1F4108CE11AAC1D7375F6C9DB8CBEBA2BAE6941D4108517B1B19EF7"
"EXP-SHIL-FIXED-C-001/dry_bean/outputs/full-real-partitions/seed-181/attempt-01/calibration_path.csv","2370","6BD6424D93E394B8C2772531F940422472C8F14D4B7D5D0C82A37187B018CD3D"
"EXP-SHIL-FIXED-C-001/dry_bean/outputs/full-real-partitions/seed-181/attempt-01/config_resolved.json","2699","5D8F01EA92FE1CB3700D4BE88F3DA2EE3BDC2617F8ECB87496FFA567F0D8D87E"
"EXP-SHIL-FIXED-C-001/dry_bean/outputs/full-real-partitions/seed-181/attempt-01/dataset_manifest.csv","1405","5850031EB83064DE8320CB3F9ADAEE6B89024B983E009BDBA4437655AC479E75"
"EXP-SHIL-FIXED-C-001/dry_bean/outputs/full-real-partitions/seed-181/attempt-01/environment.json","744","1DAC8C814EEAB87014CDA57DAFE0BA95416A1D675F425F888EFA5E19DBA9403B"
"EXP-SHIL-FIXED-C-001/dry_bean/outputs/full-real-partitions/seed-181/attempt-01/metrics.csv","1126","1F967C8F8B60233AA003F0838672BD5F31E51D8FD338A66C8242F86BBD298975"
"EXP-SHIL-FIXED-C-001/dry_bean/outputs/full-real-partitions/seed-181/attempt-01/output_hashes.json","1018","E075A9690B2357895EB9071CC31876B8FBD41F970DB22C48824CCE0956003616"
"EXP-SHIL-FIXED-C-001/dry_bean/outputs/full-real-partitions/seed-181/attempt-01/partition_status.json","655","62DD170532D02575E3E17454D78941937D1657E1B9FED9CB41EC96209B53BE52"
"EXP-SHIL-FIXED-C-001/dry_bean/outputs/full-real-partitions/seed-181/attempt-01/progress.jsonl","312","BC6E364E4A53C10919BCC3983FAABBBB8184BECE801CDEAF4E93BF02398B4493"
"EXP-SHIL-FIXED-C-001/dry_bean/outputs/full-real-partitions/seed-181/attempt-01/run_identity.json","903","5DCDE32E0432A1F83C6E2C03AAAB7A75DA65F2ED946589CF7FD2DB5B823FB2D2"
"EXP-SHIL-FIXED-C-001/dry_bean/outputs/full-real-partitions/seed-181/attempt-01/run_summary.json","228","9B9081276D10F1420A628FB72449CC172804D55577E505763F31740729A8A49F"
"EXP-SHIL-FIXED-C-001/dry_bean/outputs/full-real-partitions/seed-181/attempt-01/selected_edges.csv","262","2F0E73BFC7F5C628457F994628E112B5650051DEBD7044FA964421E9FA5181F2"
"EXP-SHIL-FIXED-C-001/dry_bean/outputs/full-real-partitions/seed-181/attempt-01/selection_frequencies.csv","392262","CF444537AD21BAD695758A02657E4711A60B7F18ADE8AD54B36F45E3B398088E"
"EXP-SHIL-FIXED-C-001/dry_bean/outputs/full-real-partitions/seed-23/attempt-01.heartbeat.json","127","BABBEE8940893D5B193250459AA07C92D9219F021F25BC6348738737EF0FC289"
"EXP-SHIL-FIXED-C-001/dry_bean/outputs/full-real-partitions/seed-23/attempt-01/base_fit_diagnostics.csv","15868","E4ABC26616047402D4A13069A31236E850E004704A5D77B7C0EB992755DDF2E8"
"EXP-SHIL-FIXED-C-001/dry_bean/outputs/full-real-partitions/seed-23/attempt-01/calibration_path.csv","2111","E3AF3369AF54979541C80DE27284D42F5C9125893243D4089C8B112B388AFF7E"
"EXP-SHIL-FIXED-C-001/dry_bean/outputs/full-real-partitions/seed-23/attempt-01/config_resolved.json","2697","2BEAEB58573D631F3452F5B4BBDDAF664B23A1D6064E4D0CC8A3171C1F837298"
"EXP-SHIL-FIXED-C-001/dry_bean/outputs/full-real-partitions/seed-23/attempt-01/dataset_manifest.csv","1404","22960D462F998E62F658BF50905D38D6AA797B84A20D47673681AE76B4E8F3FC"
"EXP-SHIL-FIXED-C-001/dry_bean/outputs/full-real-partitions/seed-23/attempt-01/environment.json","744","850F6BBF00FD03148C20865D94E8DF1043BBE875F63CF6BBECD5370FF77475E5"
"EXP-SHIL-FIXED-C-001/dry_bean/outputs/full-real-partitions/seed-23/attempt-01/metrics.csv","1121","A82DE91453822017782E0FC523753C61D2796AAF9C0047ADDA2A5CA8222185D5"
"EXP-SHIL-FIXED-C-001/dry_bean/outputs/full-real-partitions/seed-23/attempt-01/output_hashes.json","1018","897E7055DB70AFFBAE31995662930A66EAFF455A7FD44E9481D4F2C14BBEFE36"
"EXP-SHIL-FIXED-C-001/dry_bean/outputs/full-real-partitions/seed-23/attempt-01/partition_status.json","652","58112F11A0633492E5E7BCBEEF33A1AEF614E95EE1E67FEE81F50C30B8CB5ADF"
"EXP-SHIL-FIXED-C-001/dry_bean/outputs/full-real-partitions/seed-23/attempt-01/progress.jsonl","310","E4A4DD9DDA069947951D18BE2A407430CC834049E8B01101B284402ADBE810D1"
"EXP-SHIL-FIXED-C-001/dry_bean/outputs/full-real-partitions/seed-23/attempt-01/run_identity.json","902","D8CFCFFD83AD5B8A543529B24D0A5F162D35A0D0944DD07285D36EF0D8B0D836"
"EXP-SHIL-FIXED-C-001/dry_bean/outputs/full-real-partitions/seed-23/attempt-01/run_summary.json","228","6EA89651252B9934A684C18B2401EA1E648B5AC8BA4815FCF3FDEC333B8AA9E6"
"EXP-SHIL-FIXED-C-001/dry_bean/outputs/full-real-partitions/seed-23/attempt-01/selected_edges.csv","312","2C532058A2D9C715523EE601C7C56BF71BFB625FD2686C2A12030917B1A0607F"
"EXP-SHIL-FIXED-C-001/dry_bean/outputs/full-real-partitions/seed-23/attempt-01/selection_frequencies.csv","381292","26D37DF00E5A9BC895E28F9E34D8CA67B9348139A382A2A1646EAD6AE0E4F215"
"EXP-SHIL-FIXED-C-001/dry_bean/outputs/full-real-partitions/seed-37/attempt-01.heartbeat.json","126","9DD40CA050D8F633B73497A55EE8E12D032812FEAAF01134613B0FCB4C3A733F"
"EXP-SHIL-FIXED-C-001/dry_bean/outputs/full-real-partitions/seed-37/attempt-01/base_fit_diagnostics.csv","15870","1614F5B9A6E4362EE912305EA75445C4ED99CFC6C8654632AE398472BAD6265F"
"EXP-SHIL-FIXED-C-001/dry_bean/outputs/full-real-partitions/seed-37/attempt-01/calibration_path.csv","2357","61A223359A255A21F9B8DEAA558D1BAFA12A92E35476C28CDFB19D3CB171AE36"
"EXP-SHIL-FIXED-C-001/dry_bean/outputs/full-real-partitions/seed-37/attempt-01/config_resolved.json","2697","1C3C6191B61F9717AAB79DF0A3D31FF3031AF994797354B0699165B2D1F1996D"
"EXP-SHIL-FIXED-C-001/dry_bean/outputs/full-real-partitions/seed-37/attempt-01/dataset_manifest.csv","1404","FC085CC2B747C7FAE1523BD3AA5C92E3C611C302AEBB3A8F5CA1A378F0F48307"
"EXP-SHIL-FIXED-C-001/dry_bean/outputs/full-real-partitions/seed-37/attempt-01/environment.json","744","C4EB828A8BA70DD40BB35143B809C61C1C3BC6045AC41AE3DB91D957E79AEE53"
"EXP-SHIL-FIXED-C-001/dry_bean/outputs/full-real-partitions/seed-37/attempt-01/metrics.csv","1116","CE43F75693939AC17794B8648B7171D79D296EC3FD6772F716BD892DDD048AC3"
"EXP-SHIL-FIXED-C-001/dry_bean/outputs/full-real-partitions/seed-37/attempt-01/output_hashes.json","1018","5403A71E581324D2326237F9120C97DCC729EEE96065B9C40CAEECED91818A7F"
"EXP-SHIL-FIXED-C-001/dry_bean/outputs/full-real-partitions/seed-37/attempt-01/partition_status.json","652","A7D500DC80CDF257DE8F2F03D2EE5F8EAF732CE3CB7A3E7D65AE904190F2F676"
"EXP-SHIL-FIXED-C-001/dry_bean/outputs/full-real-partitions/seed-37/attempt-01/progress.jsonl","311","F783116982DC8A26D6B6C7C0EEA0FCDB062BBE83F8FAADCA71DC667E464965F8"
"EXP-SHIL-FIXED-C-001/dry_bean/outputs/full-real-partitions/seed-37/attempt-01/run_identity.json","902","D9B830A35643E7ABE35A35D6C65F7105A0BE7B6F15D5C0E620A14589F81276E8"
"EXP-SHIL-FIXED-C-001/dry_bean/outputs/full-real-partitions/seed-37/attempt-01/run_summary.json","228","D85E84E83E01F5A2A4AB2D8E2D45C6525AAF44CF800CA4A8D45046F5D2527DED"
"EXP-SHIL-FIXED-C-001/dry_bean/outputs/full-real-partitions/seed-37/attempt-01/selected_edges.csv","312","FE0D420D531BB76B8F8F4F7CA99E8DC68A04C74A147E2F6450E8B1E9A93A9991"
"EXP-SHIL-FIXED-C-001/dry_bean/outputs/full-real-partitions/seed-37/attempt-01/selection_frequencies.csv","381267","55A0190A47BC99D676FCF8947C2DB3120A12287BAC9512B7E2E34E2B9195D219"
"EXP-SHIL-FIXED-C-001/dry_bean/outputs/full-real-partitions/seed-53/attempt-01.heartbeat.json","126","F1318346FDE94DF240D7CB541BB1709A3D69D0634A6D2B7965B1C7B27DB94314"
"EXP-SHIL-FIXED-C-001/dry_bean/outputs/full-real-partitions/seed-53/attempt-01/base_fit_diagnostics.csv","15868","24503512C0ABBD07CB06C21CC0F097BA89AC58DCB4C6B44CA8375E9BC54EB2CE"
"EXP-SHIL-FIXED-C-001/dry_bean/outputs/full-real-partitions/seed-53/attempt-01/calibration_path.csv","2472","E022E9DB73E5FF2102D8AB6F2A8F37D73B66F0C644D0E3F4394784F77D6CC4A9"
"EXP-SHIL-FIXED-C-001/dry_bean/outputs/full-real-partitions/seed-53/attempt-01/config_resolved.json","2697","6AE1726630797051DE2777B716453EC400C045C3B789016EB2EE061C01002B09"
"EXP-SHIL-FIXED-C-001/dry_bean/outputs/full-real-partitions/seed-53/attempt-01/dataset_manifest.csv","1404","FC899190064C940C4368D31B82D827447AAEFBDEF5F78A4B7845C5B91AFADF21"
"EXP-SHIL-FIXED-C-001/dry_bean/outputs/full-real-partitions/seed-53/attempt-01/environment.json","744","FE938957DC19D1C9166655DCE755CE20C2BFD95D8B09B4BC1888697519498052"
"EXP-SHIL-FIXED-C-001/dry_bean/outputs/full-real-partitions/seed-53/attempt-01/metrics.csv","1126","974BF21E03CD0D8D95EADFE62B1C963EF4236D713B96F90413CEDB7BB4128D8A"
"EXP-SHIL-FIXED-C-001/dry_bean/outputs/full-real-partitions/seed-53/attempt-01/output_hashes.json","1018","F1622994740D93077B4584C0C138BF96257880DE8B12A340EDC9731DF7C4FD30"
"EXP-SHIL-FIXED-C-001/dry_bean/outputs/full-real-partitions/seed-53/attempt-01/partition_status.json","652","18B523125F9AADF7CE89118DE74F659D0179AF48B58A9C20B908FFD05CCAF6E0"
"EXP-SHIL-FIXED-C-001/dry_bean/outputs/full-real-partitions/seed-53/attempt-01/progress.jsonl","310","6AD7430464E2E8D555B2B5912418FD32C2F5FC7E44D96EAADC900DF856C30FAA"
"EXP-SHIL-FIXED-C-001/dry_bean/outputs/full-real-partitions/seed-53/attempt-01/run_identity.json","902","CE7D0052BEE7172496698BD3998C5DE218D72CF5D9567FD0CD2C207557183757"
"EXP-SHIL-FIXED-C-001/dry_bean/outputs/full-real-partitions/seed-53/attempt-01/run_summary.json","228","1BBD6DEC18DC80BA3D374C07363BBDBB8F4BCEAEDF3EC2A4CE5274A58FE2E9C6"
"EXP-SHIL-FIXED-C-001/dry_bean/outputs/full-real-partitions/seed-53/attempt-01/selected_edges.csv","888","6FAE880AA4E135C0DC2BD4A57702B55EBE513A5374773FCCE85379BFCC444C8A"
"EXP-SHIL-FIXED-C-001/dry_bean/outputs/full-real-partitions/seed-53/attempt-01/selection_frequencies.csv","382047","44C225D4C8708031E452FFCB28B553961B8BBF76F51F60180DD6640F455D38DD"
"EXP-SHIL-FIXED-C-001/dry_bean/outputs/full-real-partitions/seed-71/attempt-01.heartbeat.json","127","585F75BBB0812DEE48DCB1A3189C1A47CF5186814DB3F598486CD30FF87C0DBE"
"EXP-SHIL-FIXED-C-001/dry_bean/outputs/full-real-partitions/seed-71/attempt-01/base_fit_diagnostics.csv","15860","1519DAD1E98F70780CDDDCB01367A4A83E89C6FCAB2A74C6FD8C3768D51D35E2"
"EXP-SHIL-FIXED-C-001/dry_bean/outputs/full-real-partitions/seed-71/attempt-01/calibration_path.csv","2360","4F3C390B963C976B66B3F385B95D07018EA7F4A11671BC5E595DDCBE64FAC9A6"
"EXP-SHIL-FIXED-C-001/dry_bean/outputs/full-real-partitions/seed-71/attempt-01/config_resolved.json","2697","2984B2023E9D9B60CD147B121FFE152969C7A91101C56C0626F96BF685224C88"
"EXP-SHIL-FIXED-C-001/dry_bean/outputs/full-real-partitions/seed-71/attempt-01/dataset_manifest.csv","1404","297895BCC8643E1A8A0F95CCB3E762010E54E688965BEE656A8B156EC0240FBF"
"EXP-SHIL-FIXED-C-001/dry_bean/outputs/full-real-partitions/seed-71/attempt-01/environment.json","744","C9B1FC8453F15F4D8B92277B757E89F87AFAF7C93E5FD2FBB4FDDEEE9427EBFE"
"EXP-SHIL-FIXED-C-001/dry_bean/outputs/full-real-partitions/seed-71/attempt-01/metrics.csv","1119","641A58EDD07A9F78D9793319231693B1184E8425D23EA413C777D88CB9E82114"
"EXP-SHIL-FIXED-C-001/dry_bean/outputs/full-real-partitions/seed-71/attempt-01/output_hashes.json","1018","9882E46352C7AA277EF6D367E7411B8EC70622E1EFA3A76150547E81A626560A"
"EXP-SHIL-FIXED-C-001/dry_bean/outputs/full-real-partitions/seed-71/attempt-01/partition_status.json","649","AE1F59F164F9E0A25D39304ECE1ED9B9CCC42BDFF2CB1A35905A67370276382E"
"EXP-SHIL-FIXED-C-001/dry_bean/outputs/full-real-partitions/seed-71/attempt-01/progress.jsonl","310","06FD4974CFC8F36306E6E61124CFE0A9831FFEAE76471CDDCDC8568CEDC771EA"
"EXP-SHIL-FIXED-C-001/dry_bean/outputs/full-real-partitions/seed-71/attempt-01/run_identity.json","902","F7F0691631D8DFC58C9CD0EE648C34D023CADBC1FB192C19A28D52BBA00DA60E"
"EXP-SHIL-FIXED-C-001/dry_bean/outputs/full-real-partitions/seed-71/attempt-01/run_summary.json","228","101ACAE9F899BC4ABDE540AC7044BD9752911C8854BAE77AE6288A5E93BF50AE"
"EXP-SHIL-FIXED-C-001/dry_bean/outputs/full-real-partitions/seed-71/attempt-01/selected_edges.csv","312","68CA8375482CC9D0A661D5D024970EF3602469BCB34370B1C0ABC82377E2A838"
"EXP-SHIL-FIXED-C-001/dry_bean/outputs/full-real-partitions/seed-71/attempt-01/selection_frequencies.csv","381340","1C6B77CAF701A127F296912BAF4797B21AA01CE2108B1EAB18BA1D07241ABDC3"
"EXP-SHIL-FIXED-C-001/dry_bean/outputs/full-real-partitions/seed-89/attempt-01.heartbeat.json","127","9AC9681C0E4A242C40163E227E2518079E032296AAB15D2A02685266581AC507"
"EXP-SHIL-FIXED-C-001/dry_bean/outputs/full-real-partitions/seed-89/attempt-01/base_fit_diagnostics.csv","15854","AF672A6B291CFC9D99850C732671DD12F2E0538F4FDC860295C3628C6B3252A4"
"EXP-SHIL-FIXED-C-001/dry_bean/outputs/full-real-partitions/seed-89/attempt-01/calibration_path.csv","2216","B634FC7BCE792BC4AE7BBF29062989720533B6400BB19ADC48AFFEEC4C58C48E"
"EXP-SHIL-FIXED-C-001/dry_bean/outputs/full-real-partitions/seed-89/attempt-01/config_resolved.json","2697","77DBDEE91AF3E4561968B6A318E9F4D9F8D7AF8C370E1CE5F1E36D1C0EA97F8E"
"EXP-SHIL-FIXED-C-001/dry_bean/outputs/full-real-partitions/seed-89/attempt-01/dataset_manifest.csv","1404","EE2FF1BD368A15B0BC28A9262C5BC09314FCD457E8FF65E7EBA16151764D0883"
"EXP-SHIL-FIXED-C-001/dry_bean/outputs/full-real-partitions/seed-89/attempt-01/environment.json","744","56608ABC6E04B309AD039BB98E692B2762214DD8151F144254B7CF75A1C6CF4F"
"EXP-SHIL-FIXED-C-001/dry_bean/outputs/full-real-partitions/seed-89/attempt-01/metrics.csv","1122","D59642F0045B2B083AE6E2B7AFC4494CFBFDAC78CE86F5AF1B9884EDCC6D6C14"
"EXP-SHIL-FIXED-C-001/dry_bean/outputs/full-real-partitions/seed-89/attempt-01/output_hashes.json","1018","D69DCCED21AAB46D9BBC7150F3011BB05ED901177FC7D11157F24B63D5CFB7AA"
"EXP-SHIL-FIXED-C-001/dry_bean/outputs/full-real-partitions/seed-89/attempt-01/partition_status.json","652","E56EA49A57092E8E045369A1DEF35BE0A6942BCA7EC81EF883E081763EF81E3D"
"EXP-SHIL-FIXED-C-001/dry_bean/outputs/full-real-partitions/seed-89/attempt-01/progress.jsonl","310","6E563BA8630779EAD1D3198A19141C61F9C4E34ED0F09E6E1DD2F87152B6841C"
"EXP-SHIL-FIXED-C-001/dry_bean/outputs/full-real-partitions/seed-89/attempt-01/run_identity.json","902","2BFF5B9CFE22C00F6AD9DB439E30476535DEEF078363411AFA80B7C2A2EA725A"
"EXP-SHIL-FIXED-C-001/dry_bean/outputs/full-real-partitions/seed-89/attempt-01/run_summary.json","228","06848CBC0ACE88A56FC01173AA03DA81C01092D650DD49EF3F5A2DD821FA4A27"
"EXP-SHIL-FIXED-C-001/dry_bean/outputs/full-real-partitions/seed-89/attempt-01/selected_edges.csv","306","3F5462A6431670557F31F2C0B99E9D52FEECC1E22F6CCD75CCC353A4E84CF36A"
"EXP-SHIL-FIXED-C-001/dry_bean/outputs/full-real-partitions/seed-89/attempt-01/selection_frequencies.csv","381330","3848A56F7BDBF051404F8BDB31144E51F8661B1615A1DF3820C2AF164CC1CBFA"
"EXP-SHIL-FIXED-C-001/inputs/historical_tuned_metrics.csv","14617","BB70E74763F9574DD22BC97E5753CE240B5317732996661F299D9A37A1E75326"
"EXP-SHIL-FIXED-C-001/protocol/fixed_c_cost_sensitivity_protocol_20260727.md","5764","39EBFB027CA08DDB18BC65D91DAD11B3C6524C175193D796C35E031FDA1F713A"
"EXP-SHIL-FIXED-C-001/README.md","1381","14FCA7F67CE4D3792F2861388242C845A39AF8A95B35E8FCFC69C6B98D6F7961"
"EXP-SHIL-FIXED-C-001/requirements_locked.txt","75","FBD43A713C45CA6483E7DDE9582518A8E49E40D222A0E30B20081604645C9052"
"EXP-SHIL-FIXED-C-001/RUN_MANIFEST.json","2318","A373719C9432AA995ADCE1318E63DE6EDCE64F205F5F9A917F67B36171F1AA99"
"EXP-SHIL-FIXED-C-001/source_manifest.json","1279","81250D0BBE30858B7B9BC8D59BDC86EA7FD34A94165F4F5F46B1BB33B3339D33"
"EXP-SHIL-FIXED-C-001/source_manifest.sha256","975","21F01225EAD5CA8E13FF3FB48972A2525D0BAFDD66AC98FC10D7D21A869C9D45"
"EXP-SHIL-FIXED-C-001/src/analyze_fixed_c.py","8922","CB46B10B2AA04C3EA3DA9EE76AE815D1C095053A147F8D064944F0148B252FB2"
"EXP-SHIL-FIXED-C-001/src/fixed_c_experiment.py","18721","2458A1C7F80CF08BB61B227B5525E798A923C78C150AF3419FE900313162DD27"
"EXP-SHIL-FIXED-C-001/src/predecessor_sc_shil_experiment.py","46019","48528D1B52D57EFD3344DD0745775AE58C317DB0C50FBC20882711FCDAA1C64E"
"EXP-SHIL-FIXED-C-001/src/run_partitioned_fixed_c.py","17264","7D63EBF63396F6D845C10789BB1B6B006B45F03893EED412825027FF4B4F615E"
"EXP-SHIL-FIXED-C-001/verification/locked_analysis_comparison.json","7354","C3177479E2E57DF5BB345B036DF1191BD2353B0D8C9AECFA4EF7D24B51BCD39A"
"EXP-SHIL-FIXED-C-001/verification/pullback_validation_reconciled.json","1462","1E4D12898B23230B2DB0E801DC5C190A563774CBD0A7970A71F453A6388D21D2"
"EXP-SHIL-SC-001/commands/remote_launch_partitioned_full_real.sh","3830","091BC5DB3758E255DB1C36E8AE7097FBFC175A03FD2DC8ADD11A868068CB7745"
"EXP-SHIL-SC-001/commands/start_remote_recovery.sh","709","280203ABF7193AA767398C15767D2BFC61924981A3A0FEB5B407E84F8CEA71E2"
"EXP-SHIL-SC-001/config/full_config.json","3827","FF6B50F0A33231D965D66E37DD85AB2E11B50FF768CD39E78DDD74244067C535"
"EXP-SHIL-SC-001/config/partitioned_full_real/full_real_seed_101.json","5082","F98D276649FFD372E5338411CF5D415A569D59F03A1DEA9F2AC82C374FA884BF"
"EXP-SHIL-SC-001/config/partitioned_full_real/full_real_seed_11.json","5080","545D8640811161EE901004643C987715AC2BB5EE12942F335980A825C0064EC4"
"EXP-SHIL-SC-001/config/partitioned_full_real/full_real_seed_131.json","5082","6D4DFCC8C6E6FE65E94D563E56D8450596A466531B2F271DF35BE73CB4F1862E"
"EXP-SHIL-SC-001/config/partitioned_full_real/full_real_seed_157.json","5082","38499E526756AC8B0ED82D35DB4A2AE8C561EBC796A3D70ECC13EF020A58F8ED"
"EXP-SHIL-SC-001/config/partitioned_full_real/full_real_seed_181.json","5082","B3C5B29C82C259BA8C88C735090B6D931D03BE1C26AF58569B0826D431CEFFD7"
"EXP-SHIL-SC-001/config/partitioned_full_real/full_real_seed_23.json","5080","84C2811F121FFD3FC780793748670CEA051EF4BB70CA6F30612565D915277328"
"EXP-SHIL-SC-001/config/partitioned_full_real/full_real_seed_37.json","5080","090C54852A4657A0FA1D37A71474CA5FF378818BEF986541181C363198166361"
"EXP-SHIL-SC-001/config/partitioned_full_real/full_real_seed_53.json","5080","2F21EABAF4C970F1749A5D92375FEC330049FF55348C95E481DED1810EC58D2F"
"EXP-SHIL-SC-001/config/partitioned_full_real/full_real_seed_71.json","5080","70D0688A41F268DD3776607E27D20B386AA4F396F5680C0E96DF381098643936"
"EXP-SHIL-SC-001/config/partitioned_full_real/full_real_seed_89.json","5080","90E53AA72D41F278CC3F643265655531B8BFA73A9B37D5ED333C3EAC608E39B5"
"EXP-SHIL-SC-001/dry_bean/analysis/analysis_summary.json","248","4C84A0793E572BB2D51810F3E1805241529152ABB9A15C7A86F72DC20A9DEAEB"
"EXP-SHIL-SC-001/dry_bean/analysis/metrics_summary.csv","878","0C6656E6D808E45A6D64A2D43EBCF7C0D91AEC71D11ACA5F2FEC78A83C3227FE"
"EXP-SHIL-SC-001/dry_bean/analysis/metrics_with_run_stability.csv","15773","04D0DF521BE44FC0220F965A6919306CC2AD7ED92BC675A6CCC8E382DF3B9907"
"EXP-SHIL-SC-001/dry_bean/analysis/paired_decision_intervals.csv","1","01BA4719C80B6FE911B091A7C05124B64EEECE964E09C058EF8F9805DACA546B"
"EXP-SHIL-SC-001/dry_bean/analysis/support_stability.csv","765","1427B5DEB103FEFB50F39FF12F9CB46BCDFE0EEE02E428299B12F49886AF9C4B"
"EXP-SHIL-SC-001/dry_bean/outputs/full-real-combined/base_fit_diagnostics.csv","155970","A4532A60416159B2020ACB61EDB0CD950CF66998CD3275FBB5B3998E348E42B6"
"EXP-SHIL-SC-001/dry_bean/outputs/full-real-combined/calibration_path.csv","21458","0F728AB34D41FB10A29646C0C9A54F08B8F38BDEA8A650665165340C5BE6BB1E"
"EXP-SHIL-SC-001/dry_bean/outputs/full-real-combined/config_resolved.json","3827","FF6B50F0A33231D965D66E37DD85AB2E11B50FF768CD39E78DDD74244067C535"
"EXP-SHIL-SC-001/dry_bean/outputs/full-real-combined/dataset_manifest.csv","14602","19F631CAB56BE3AE7D5994CEE8A044D605FC905962E95C06963B0EDFBC8616E2"
"EXP-SHIL-SC-001/dry_bean/outputs/full-real-combined/environment.json","6205","564B27A5FD860E03BFF6871CA1FFD96F29B8CD3F5EB2BB1E88E8B8923B103540"
"EXP-SHIL-SC-001/dry_bean/outputs/full-real-combined/metrics.csv","14617","BB70E74763F9574DD22BC97E5753CE240B5317732996661F299D9A37A1E75326"
"EXP-SHIL-SC-001/dry_bean/outputs/full-real-combined/output_hashes.json","1027","082C5582E44001867A8439B6606A8900BDB8CAA4AC19A3A0A2B966BC9F7F2C22"
"EXP-SHIL-SC-001/dry_bean/outputs/full-real-combined/partition_manifest.json","3550","69D5A59B7264BAA9F5E2ACA7AEFB7AD9C3ECEA340C70932EE53EEFD4DD945046"
"EXP-SHIL-SC-001/dry_bean/outputs/full-real-combined/run_identity.json","392","9AB1F2DBB3D0A26F2B7F51D2B8B217216E830C7F14ACA2B5288AB5B6C05A1286"
"EXP-SHIL-SC-001/dry_bean/outputs/full-real-combined/run_summary.json","233","44DB555FD752BA5C2C7B66C7F314759EFDD7D870FFB7FFFBE22F2D851BE3FA2F"
"EXP-SHIL-SC-001/dry_bean/outputs/full-real-combined/selected_edges.csv","358928","6BD4DA4BFCCAF4F79F054D2F08647C9460F3F8A88BF5D980356E28FD10AE8F64"
"EXP-SHIL-SC-001/dry_bean/outputs/full-real-combined/selection_frequencies.csv","3693451","213267C6C71D64A6029335C4338522089275AC57946173036F28F4BD86EE682F"
"EXP-SHIL-SC-001/dry_bean/outputs/full-real-partitions/seed-101/attempt-01/base_fit_diagnostics.csv","15955","B5D30AB01325BC400E4D98E8B5103C0445A681D1C2D43FB5531823FFA7276198"
"EXP-SHIL-SC-001/dry_bean/outputs/full-real-partitions/seed-101/attempt-01/calibration_path.csv","2226","B2F0663DBB9D465F657424050E684A2248115EFBC7D4CE875B830F7661D4768A"
"EXP-SHIL-SC-001/dry_bean/outputs/full-real-partitions/seed-101/attempt-01/config_resolved.json","5081","1CDCE5EDDA43FEDB0A885250545E60F23B6A8D9035A6F6BB90ADE243F926A6A8"
"EXP-SHIL-SC-001/dry_bean/outputs/full-real-partitions/seed-101/attempt-01/dataset_manifest.csv","1537","08EC1D66B861BCD8EDDFB27108CB1EC8EFE3DCC19FF6C73B145B9BADEB352885"
"EXP-SHIL-SC-001/dry_bean/outputs/full-real-partitions/seed-101/attempt-01/environment.json","550","CBD54852E4417D6599B223650E35FF36E290E091FCFBD52907452B9B9BE018EB"
"EXP-SHIL-SC-001/dry_bean/outputs/full-real-partitions/seed-101/attempt-01/metrics.csv","1929","5CA0B278EEE17738420C5D8E1915ABFE10FA53BAEAF9B7986096482750B021F8"
"EXP-SHIL-SC-001/dry_bean/outputs/full-real-partitions/seed-101/attempt-01/output_hashes.json","1017","B62F4E700EDB81886FC9C4B8044ACAE5BB9C36127A9960894DEEE7C2A9C53229"
"EXP-SHIL-SC-001/dry_bean/outputs/full-real-partitions/seed-101/attempt-01/partition_status.json","656","FDC0BB8B9560B19461FB53F964A20CBE3DEABF5E8AD35B3E0AE82972AEC13BFD"
"EXP-SHIL-SC-001/dry_bean/outputs/full-real-partitions/seed-101/attempt-01/progress.jsonl","348","D3CE05FFF5655AF1E296591588B7C6C117F0D0D363EE148C3D10F804F17F2879"
"EXP-SHIL-SC-001/dry_bean/outputs/full-real-partitions/seed-101/attempt-01/run_identity.json","660","7BDDB400ADD1E527A5AAFDDE57D7C59852D82C875ABA834DEF78E291285CEF82"
"EXP-SHIL-SC-001/dry_bean/outputs/full-real-partitions/seed-101/attempt-01/run_summary.json","222","B50BD790BDC2C83B1B5EB5FEAFE7201121B2437C7A26CDE7FD9BC8683964D4C9"
"EXP-SHIL-SC-001/dry_bean/outputs/full-real-partitions/seed-101/attempt-01/selected_edges.csv","38998","2216E534D5F80421CDF6D400576A96DE57993117CEED9BAC50673AA75B1A93C0"
"EXP-SHIL-SC-001/dry_bean/outputs/full-real-partitions/seed-101/attempt-01/selection_frequencies.csv","375871","202A2F514380355DF9AE8DC47DE120F87FD78D51CC1296EB3F864FB6AA04DF24"
"EXP-SHIL-SC-001/dry_bean/outputs/full-real-partitions/seed-11/attempt-01/base_fit_diagnostics.csv","15647","AB5315A326FAF2A493394A077314930FA2D41D19DC80E36862C053621697657B"
"EXP-SHIL-SC-001/dry_bean/outputs/full-real-partitions/seed-11/attempt-01/calibration_path.csv","2033","294890A9B1EEF816A5129AB414BD27F8D9DA4DADD314B4B7F9E9B755A85CAB30"
"EXP-SHIL-SC-001/dry_bean/outputs/full-real-partitions/seed-11/attempt-01/config_resolved.json","5079","D38D7BC55AD4C06F0C92819C45C38BFC4C33B86BBDF5F8D9BB5AA416390A0C2D"
"EXP-SHIL-SC-001/dry_bean/outputs/full-real-partitions/seed-11/attempt-01/dataset_manifest.csv","1535","C49E284F1760E6FE3A8AC73ECEDBCE99E9BBB51DB00CBFDE6EC60B8EA07F8A4A"
"EXP-SHIL-SC-001/dry_bean/outputs/full-real-partitions/seed-11/attempt-01/environment.json","550","8A963E76C5F3C12D7B8E35CD8A3E37700BAF7E4B0337E52E9A4C01DF684F31CE"
"EXP-SHIL-SC-001/dry_bean/outputs/full-real-partitions/seed-11/attempt-01/metrics.csv","1922","FF38F3F18D4FB77E94076AF91AC9C320E727CC5E7BA474C2F83F6FDE5F7DD423"
"EXP-SHIL-SC-001/dry_bean/outputs/full-real-partitions/seed-11/attempt-01/output_hashes.json","1017","98F98D0CE4240CD61E268F99D3914DDF9695928DE47AC1BA66C7F928BB92F84F"
"EXP-SHIL-SC-001/dry_bean/outputs/full-real-partitions/seed-11/attempt-01/partition_status.json","651","A9A45B99C512B89710A0AC153DEEB9E79C33E442B34EA13DB4EC1129B01D9A26"
"EXP-SHIL-SC-001/dry_bean/outputs/full-real-partitions/seed-11/attempt-01/progress.jsonl","343","86FD236AD7CB37DF8FE1B89709D8A9546070325E9E043A73499810DB4B0ACF61"
"EXP-SHIL-SC-001/dry_bean/outputs/full-real-partitions/seed-11/attempt-01/run_identity.json","659","7999C172E7D2D29928181C01745409000BA82EDC4D9A720567614EA6E9ABD088"
"EXP-SHIL-SC-001/dry_bean/outputs/full-real-partitions/seed-11/attempt-01/run_summary.json","223","8545BC566F35B4D39721A25F3268DD9D849B3CFB4E31047B993A423E4A62B4E7"
"EXP-SHIL-SC-001/dry_bean/outputs/full-real-partitions/seed-11/attempt-01/selected_edges.csv","33772","96EB028AF395D8B43E65696D9ABE2D2948C09762FC20B4D5F2E22B40AC60F618"
"EXP-SHIL-SC-001/dry_bean/outputs/full-real-partitions/seed-11/attempt-01/selection_frequencies.csv","364985","1566FB3B2680A469F14F6D1A75CA10BFE52BF898ADB0390C01763A53DF50A178"
"EXP-SHIL-SC-001/dry_bean/outputs/full-real-partitions/seed-131/attempt-01/base_fit_diagnostics.csv","15939","052080BCBFBDCB824999231B53F763C7825AAF71573435CFA65E951C05638844"
"EXP-SHIL-SC-001/dry_bean/outputs/full-real-partitions/seed-131/attempt-01/calibration_path.csv","2261","FC35F6CB40CC89D84D48A28C2FAA92D65FA42B749A9D3E68923628CA1E48346D"
"EXP-SHIL-SC-001/dry_bean/outputs/full-real-partitions/seed-131/attempt-01/config_resolved.json","5081","A19FD4306F9C7AF560CAE31716C3EDD8E383C01563E4F04E0080A58BBD143D80"
"EXP-SHIL-SC-001/dry_bean/outputs/full-real-partitions/seed-131/attempt-01/dataset_manifest.csv","1537","F2FD09FE1F41AD5EE9CF73A72FD8C8357AFE46EF72FCB89B1F24A8B8B3176485"
"EXP-SHIL-SC-001/dry_bean/outputs/full-real-partitions/seed-131/attempt-01/environment.json","550","42C3AC7175ED42D4456C7570C3151E3736C8B47E6AE6DC3BA6DFE24FA9862920"
"EXP-SHIL-SC-001/dry_bean/outputs/full-real-partitions/seed-131/attempt-01/metrics.csv","1930","B44BA8B97784E6415F41BE0BF0BECAA9996F7BE4F994CBE9370FE4FB7CF1D28E"
"EXP-SHIL-SC-001/dry_bean/outputs/full-real-partitions/seed-131/attempt-01/output_hashes.json","1017","F8D7BBA724EA8B5B11504B4295FE2830927ED3884590735FF4D348E01F9FD1C6"
"EXP-SHIL-SC-001/dry_bean/outputs/full-real-partitions/seed-131/attempt-01/partition_status.json","656","42B0B2B8AF9475C3E94DE049BBB01F382A6042FD2316AAC7822805285021DF2B"
"EXP-SHIL-SC-001/dry_bean/outputs/full-real-partitions/seed-131/attempt-01/progress.jsonl","349","486BF760A5FFFE51391BB62A175B493555E1F7ACEE00CE6060A846F18AC748C7"
"EXP-SHIL-SC-001/dry_bean/outputs/full-real-partitions/seed-131/attempt-01/run_identity.json","660","CC7A20A72E8CD5D95423B487A540DE0F061BDA92A6CE0418196B4728DD9B5305"
"EXP-SHIL-SC-001/dry_bean/outputs/full-real-partitions/seed-131/attempt-01/run_summary.json","220","999680FEAAFCD1734D9BB0C2CA6F4699B54B3B1FB17A7575FEDBE5B0783D0169"
"EXP-SHIL-SC-001/dry_bean/outputs/full-real-partitions/seed-131/attempt-01/selected_edges.csv","36544","386278BD24A6E50D421FEEAA712D033646F6A91E5F412EFD1BDD2215509892A1"
"EXP-SHIL-SC-001/dry_bean/outputs/full-real-partitions/seed-131/attempt-01/selection_frequencies.csv","375860","B084A9B7875FF3D4D9330FBEC318D576FE11CF9269A532C33D99FF3D86AF35C4"
"EXP-SHIL-SC-001/dry_bean/outputs/full-real-partitions/seed-157/attempt-01/base_fit_diagnostics.csv","15952","1AF83C7C5FB713E8CC71AE1F227CF43B24B40AB7D721C14883AE8A2FC129CC95"
"EXP-SHIL-SC-001/dry_bean/outputs/full-real-partitions/seed-157/attempt-01/calibration_path.csv","2550","82C9CFC5BC0175949D59159AA6B29BFA0C25D09A70F9E592FAFEF1D268F29501"
"EXP-SHIL-SC-001/dry_bean/outputs/full-real-partitions/seed-157/attempt-01/config_resolved.json","5081","BA9EF9EF74BB174EEB90C0FA3B4193743112EDCB62440E3A1A6EA4085D16CE33"
"EXP-SHIL-SC-001/dry_bean/outputs/full-real-partitions/seed-157/attempt-01/dataset_manifest.csv","1537","7166C35C189C7D6A373F957D4D031975E4EA917915664C1BB1E1BFF1A561DD5B"
"EXP-SHIL-SC-001/dry_bean/outputs/full-real-partitions/seed-157/attempt-01/environment.json","550","C1D95F2C5DC96E11F3A710AF63D5392AB92A4E1C4C22CC70A34523F2DA1C8C75"
"EXP-SHIL-SC-001/dry_bean/outputs/full-real-partitions/seed-157/attempt-01/metrics.csv","1930","2CC122A65BCB6CB1A3B19183DE5EAE2DBF8CD595461CC747B2E031C20D25538D"
"EXP-SHIL-SC-001/dry_bean/outputs/full-real-partitions/seed-157/attempt-01/output_hashes.json","1017","7692BD8C00CD14C11B2325D44A8ECF8A511ECCDE3B751129E1C02BA79534250B"
"EXP-SHIL-SC-001/dry_bean/outputs/full-real-partitions/seed-157/attempt-01/partition_status.json","653","18455793ADC89CDBD0646995C0F35B5E7F0BE2D5FCC34E0737B5D9C0AAC166B9"
"EXP-SHIL-SC-001/dry_bean/outputs/full-real-partitions/seed-157/attempt-01/progress.jsonl","348","35049525FB9A5E80226ADE7B34CDDC28CAAED8CF65EBA37887ABD0D7DE58327F"
"EXP-SHIL-SC-001/dry_bean/outputs/full-real-partitions/seed-157/attempt-01/run_identity.json","660","B2B3E628DA2184974EDC846A43FAB8EC3F9CB07A1AC0FF3051E1CE930CA21550"
"EXP-SHIL-SC-001/dry_bean/outputs/full-real-partitions/seed-157/attempt-01/run_summary.json","222","EA7493178AB960A0CE66B80AC4F6F7D2BD93B66D07702B073967E54420338F2B"
"EXP-SHIL-SC-001/dry_bean/outputs/full-real-partitions/seed-157/attempt-01/selected_edges.csv","35098","A8318986B0FCF7CB57DBD918E43C18002F7A65DE7A828E161C21A5D7AD2D169B"
"EXP-SHIL-SC-001/dry_bean/outputs/full-real-partitions/seed-157/attempt-01/selection_frequencies.csv","375857","4B9CF3A558415C6688AB3FCBBA36BF6AFD23CB693E6D5AFDE78A9D8AED7167D8"
"EXP-SHIL-SC-001/dry_bean/outputs/full-real-partitions/seed-181/attempt-01/base_fit_diagnostics.csv","15948","CA7E3A24AA14BA7616DAF106359621E55FE43FF0FDD627838DB780F6BE24E386"
"EXP-SHIL-SC-001/dry_bean/outputs/full-real-partitions/seed-181/attempt-01/calibration_path.csv","2218","107BBF73D5F45B52722F0CA5A9BA07EF2804B4FC301A70E36785B9C75C213B07"
"EXP-SHIL-SC-001/dry_bean/outputs/full-real-partitions/seed-181/attempt-01/config_resolved.json","5081","7B64532ADFA5D57EBDF0534F06292E4DE1CB18A2C390AF4E255D0BD6CD574B6D"
"EXP-SHIL-SC-001/dry_bean/outputs/full-real-partitions/seed-181/attempt-01/dataset_manifest.csv","1537","89E5348D528FEFA012B2EA3BB4748D2242B046BFA0C050992DCAAD5340CDD1C2"
"EXP-SHIL-SC-001/dry_bean/outputs/full-real-partitions/seed-181/attempt-01/environment.json","550","63B254CB927DC00D4E3E786E6B32216534C22BEE592679FADCDC152449CFAAF5"
"EXP-SHIL-SC-001/dry_bean/outputs/full-real-partitions/seed-181/attempt-01/metrics.csv","1932","DEF31070475F0E112CAB05B7E7FBF3DD5254F01306CDB34CD078666CBD07D3F3"
"EXP-SHIL-SC-001/dry_bean/outputs/full-real-partitions/seed-181/attempt-01/output_hashes.json","1017","6E606BCAC27B4B64D1EBE09D58CFDA27A23562FB07E78AE23C759A44353A28F9"
"EXP-SHIL-SC-001/dry_bean/outputs/full-real-partitions/seed-181/attempt-01/partition_status.json","655","5F0597E54DAA8F940FA170ED87944A9A9C0339AA35FD8D75030FB567A5103A3B"
"EXP-SHIL-SC-001/dry_bean/outputs/full-real-partitions/seed-181/attempt-01/progress.jsonl","348","B8E31D551FB5140B9E485F64A4CD0BAE444C05AF17A90680798DAEEB8FEB2D66"
"EXP-SHIL-SC-001/dry_bean/outputs/full-real-partitions/seed-181/attempt-01/run_identity.json","660","58BB30F91B057CDBD09B040161E3A6751C0CD36AB531AD473BB56D6C97286F9A"
"EXP-SHIL-SC-001/dry_bean/outputs/full-real-partitions/seed-181/attempt-01/run_summary.json","223","F9BF967F79D3E00A638EAD0436F06194797EEAFD2283E97E3CFAE672AC452DF1"
"EXP-SHIL-SC-001/dry_bean/outputs/full-real-partitions/seed-181/attempt-01/selected_edges.csv","36104","77A6C413F34B1E6AAC50A614ADB98A7B9B56FD6DA269D55782029CB1133E29A5"
"EXP-SHIL-SC-001/dry_bean/outputs/full-real-partitions/seed-181/attempt-01/selection_frequencies.csv","375941","B35F99683C9E5EC729DC505C65325865AF3CBD67888CD1FE7951992A99F17EDD"
"EXP-SHIL-SC-001/dry_bean/outputs/full-real-partitions/seed-23/attempt-01/base_fit_diagnostics.csv","15634","0B246DF701454747F2B82810CD2BD3D5C17D25A591438D8B0F53BB441163BE1F"
"EXP-SHIL-SC-001/dry_bean/outputs/full-real-partitions/seed-23/attempt-01/calibration_path.csv","2065","756DCB092B84506BE8577CD441C61E1D107FD236EA3BB88C0B47F62E9C977C0E"
"EXP-SHIL-SC-001/dry_bean/outputs/full-real-partitions/seed-23/attempt-01/config_resolved.json","5079","276921CD0FF12AC11EA43E225F22D2D4FF081423B2596D85C70671346826B96B"
"EXP-SHIL-SC-001/dry_bean/outputs/full-real-partitions/seed-23/attempt-01/dataset_manifest.csv","1535","A327489AF5EE97A71B8C0D89EB41E42C8AE0D7715CA6EDF79474DB7485B3AA4B"
"EXP-SHIL-SC-001/dry_bean/outputs/full-real-partitions/seed-23/attempt-01/environment.json","550","B8C7C3314F5A3C0CD28B65A4A73C887D9A8D50F49B9FD13090456170300AB4FE"
"EXP-SHIL-SC-001/dry_bean/outputs/full-real-partitions/seed-23/attempt-01/metrics.csv","1926","A3A61ECA2D66F59214351E16B8649ED3198A91911ECB92C94C94F008D877CEC5"
"EXP-SHIL-SC-001/dry_bean/outputs/full-real-partitions/seed-23/attempt-01/output_hashes.json","1017","29BDA1AD59014C076651CC52B14D8451CAA65835C2E370F3B5B18D5708183E36"
"EXP-SHIL-SC-001/dry_bean/outputs/full-real-partitions/seed-23/attempt-01/partition_status.json","652","12C0A5EE0E05778E6E39112E28033CD6379473ECC66ECA7387337FA817CC1ACC"
"EXP-SHIL-SC-001/dry_bean/outputs/full-real-partitions/seed-23/attempt-01/progress.jsonl","345","00EC700F70E3D382A5FB05FEF3FDBCB2BBC7A585E5820B4F8FD792FE0E8557E5"
"EXP-SHIL-SC-001/dry_bean/outputs/full-real-partitions/seed-23/attempt-01/run_identity.json","659","3FC2645C5A62671FC0A5A9FA1F08EA4318BB2DF22747A26EFD5BC06B5C90B2E3"
"EXP-SHIL-SC-001/dry_bean/outputs/full-real-partitions/seed-23/attempt-01/run_summary.json","223","91B2B8D2D91CCF54596C7C96D802FEE17543E01F51D27BED945D2FAD9585CE90"
"EXP-SHIL-SC-001/dry_bean/outputs/full-real-partitions/seed-23/attempt-01/selected_edges.csv","34908","10DF39288019F20F5057B36FEBF611EA260A487C27FB44BF2F71F18C8E39FF4F"
"EXP-SHIL-SC-001/dry_bean/outputs/full-real-partitions/seed-23/attempt-01/selection_frequencies.csv","364970","BEA07C210A21FFD40CA3694B58B8660AEFF407DA5E6052F4519AF84572CBABA5"
"EXP-SHIL-SC-001/dry_bean/outputs/full-real-partitions/seed-37/attempt-01/base_fit_diagnostics.csv","15620","8FCB871DE2E446207466AC3A3F728CA7F941616F7C4455C37467CAF3CE919562"
"EXP-SHIL-SC-001/dry_bean/outputs/full-real-partitions/seed-37/attempt-01/calibration_path.csv","2292","6111EF73338D7619D7E77955629A72456A2F2AB92DCBA2536D244470760CE5B9"
"EXP-SHIL-SC-001/dry_bean/outputs/full-real-partitions/seed-37/attempt-01/config_resolved.json","5079","020B3E3D1A4BE28334F8C3EE6DD9630894AF636E96416E9BFF2F9226C01CB28B"
"EXP-SHIL-SC-001/dry_bean/outputs/full-real-partitions/seed-37/attempt-01/dataset_manifest.csv","1535","A0FD0B35FED400540D57E9867A5365F4F40ECC1A6FA4B194663998871BAE8102"
"EXP-SHIL-SC-001/dry_bean/outputs/full-real-partitions/seed-37/attempt-01/environment.json","550","78883C19A52F9F46102163E9B9D5B8A60EEA80A9296696C9886F6E1614ED1D45"
"EXP-SHIL-SC-001/dry_bean/outputs/full-real-partitions/seed-37/attempt-01/metrics.csv","1911","D226F159E2106779C92F98B874B63D93A2791D223933DF3849149B32C0DA5C65"
"EXP-SHIL-SC-001/dry_bean/outputs/full-real-partitions/seed-37/attempt-01/output_hashes.json","1017","B05D42AFA789955E2199F2E7B15E101E2FE64F55B8E3FED0519E065095DA7752"
"EXP-SHIL-SC-001/dry_bean/outputs/full-real-partitions/seed-37/attempt-01/partition_status.json","652","8CAFBE52D496DB620455C4E1A9C2FA42D58C19725CBEF937EBD077442912F30B"
"EXP-SHIL-SC-001/dry_bean/outputs/full-real-partitions/seed-37/attempt-01/progress.jsonl","345","052461493513E3BEB61DF39B918A6F7E14396A4172F38D78731730D156CE713C"
"EXP-SHIL-SC-001/dry_bean/outputs/full-real-partitions/seed-37/attempt-01/run_identity.json","659","22F53BF6E269A8B6BA2ECF9CFB9747AA979ED6F5C98C2469BA343FB90563CB3C"
"EXP-SHIL-SC-001/dry_bean/outputs/full-real-partitions/seed-37/attempt-01/run_summary.json","222","2F435A857E044DD5F09220264D3EDCD4396468AEDDA6BEB2615BCA7D547271C8"
"EXP-SHIL-SC-001/dry_bean/outputs/full-real-partitions/seed-37/attempt-01/selected_edges.csv","34478","0390B576EB05F7532CFED38C994D8F807E9DFC31AFCA31D60A9EDBD847605628"
"EXP-SHIL-SC-001/dry_bean/outputs/full-real-partitions/seed-37/attempt-01/selection_frequencies.csv","364944","8382C08B4EE94A018FDED68B4C915637477E0D2FD294A66629436A619F5DE5B7"
"EXP-SHIL-SC-001/dry_bean/outputs/full-real-partitions/seed-53/attempt-01/base_fit_diagnostics.csv","15620","3BD3817F2F50FD539EBAFCB2FA635A80EFAAD422701F2BC4A962CBEB81BA1614"
"EXP-SHIL-SC-001/dry_bean/outputs/full-real-partitions/seed-53/attempt-01/calibration_path.csv","2444","5943ED80FC0523B2B840909E76EFE485C5E709A19A91CAF98C241B1249D07EF9"
"EXP-SHIL-SC-001/dry_bean/outputs/full-real-partitions/seed-53/attempt-01/config_resolved.json","5079","73CE02D3CE8D783183F27044AECA30C159B54001F9C6253F3734D0E567B298D7"
"EXP-SHIL-SC-001/dry_bean/outputs/full-real-partitions/seed-53/attempt-01/dataset_manifest.csv","1535","11C8B54D50D3F1BAD144F35EBD61CEFDAE91AE99FCA7DEAA4DE03EFD738EACC3"
"EXP-SHIL-SC-001/dry_bean/outputs/full-real-partitions/seed-53/attempt-01/environment.json","550","439B4207546368FE21979DA2EB39BBAAE4484D8F39156ED8AE743E77DF17446C"
"EXP-SHIL-SC-001/dry_bean/outputs/full-real-partitions/seed-53/attempt-01/metrics.csv","1927","2755AEFF520A0D218E1B79B5D80755F0FAF370F6C61C260585DC33D196A77A68"
"EXP-SHIL-SC-001/dry_bean/outputs/full-real-partitions/seed-53/attempt-01/output_hashes.json","1017","BF5F9C4109B2D63CC90C4197D83EFE38E89DFD64093BF65B51F1729AAC900686"
"EXP-SHIL-SC-001/dry_bean/outputs/full-real-partitions/seed-53/attempt-01/partition_status.json","651","92186A8234E43DBCB25AF97AD7A579993BB6CA0146CF356BC2732F5B6D927DEF"
"EXP-SHIL-SC-001/dry_bean/outputs/full-real-partitions/seed-53/attempt-01/progress.jsonl","345","11C92230B96125DA34E8AAE9D35ECB9714748891A35863B3BC2B2A4BB60E177B"
"EXP-SHIL-SC-001/dry_bean/outputs/full-real-partitions/seed-53/attempt-01/run_identity.json","659","F044C0D1DE9580569387E0503F981E71C71DA36089420A220E249732CCA0060E"
"EXP-SHIL-SC-001/dry_bean/outputs/full-real-partitions/seed-53/attempt-01/run_summary.json","223","E287147AD98BEA59DDBC73085A4DEACD0B8E08CB68D3EDCE10EF010B65C0DA01"
"EXP-SHIL-SC-001/dry_bean/outputs/full-real-partitions/seed-53/attempt-01/selected_edges.csv","38524","F4AEC1352883D3F9F304DE6A69E6CFE442565221EDBD855176A241FC0177E130"
"EXP-SHIL-SC-001/dry_bean/outputs/full-real-partitions/seed-53/attempt-01/selection_frequencies.csv","365731","2B67B95F7D264F902CA4E356519938CC33C364CA94407DE46B87D92836D08A66"
"EXP-SHIL-SC-001/dry_bean/outputs/full-real-partitions/seed-71/attempt-01/base_fit_diagnostics.csv","15625","8BDEE8C9951A818834367449AB9118ECC27CF17938717884570E8AA60BCE44F9"
"EXP-SHIL-SC-001/dry_bean/outputs/full-real-partitions/seed-71/attempt-01/calibration_path.csv","2795","F16936AE85C7F4FBE261D0DE051C94E67B50E025A969D6FC15A7B34F80BC9A84"
"EXP-SHIL-SC-001/dry_bean/outputs/full-real-partitions/seed-71/attempt-01/config_resolved.json","5079","BAFE77801F26F86A034EE3B0A94AE83516B06AB1DA9C4C561B0ADD28D511B186"
"EXP-SHIL-SC-001/dry_bean/outputs/full-real-partitions/seed-71/attempt-01/dataset_manifest.csv","1535","CA46126DB667D3EC35E1559B1A28776FCB059B6128C5297EAD092413F78D423C"
"EXP-SHIL-SC-001/dry_bean/outputs/full-real-partitions/seed-71/attempt-01/environment.json","550","11E61FF57BE59CFD01B8F66287985A67DAACF6A807B2FBBC7E0E3427A2BE10F5"
"EXP-SHIL-SC-001/dry_bean/outputs/full-real-partitions/seed-71/attempt-01/metrics.csv","1918","8611ADE49CDD97F221FBDF6C9A814DE26D89BE1C5348F5ADEA8B35684BFFFEDB"
"EXP-SHIL-SC-001/dry_bean/outputs/full-real-partitions/seed-71/attempt-01/output_hashes.json","1017","10578F2EED25D5949F643F42D3D6E6F35F34A68FC7FF48EE6C87BF088F6F824F"
"EXP-SHIL-SC-001/dry_bean/outputs/full-real-partitions/seed-71/attempt-01/partition_status.json","652","573D6F8A8CF27093D1BD15E3DC608976B4B571FBA0A6CC2057A67E01D2E952AC"
"EXP-SHIL-SC-001/dry_bean/outputs/full-real-partitions/seed-71/attempt-01/progress.jsonl","345","51564FDE95E5CC1FDB36DF51B74B6F74DE8D9405E1912D65BDF345E340853C38"
"EXP-SHIL-SC-001/dry_bean/outputs/full-real-partitions/seed-71/attempt-01/run_identity.json","659","4B1AFC741D20D73525C5F565FE267BA470A6A6A4729AEFAD00E123BEE993F521"
"EXP-SHIL-SC-001/dry_bean/outputs/full-real-partitions/seed-71/attempt-01/run_summary.json","223","C1A6FA9B4AE22C251487A539518183548E3F4639F43BE6F12345C5B55944FABC"
"EXP-SHIL-SC-001/dry_bean/outputs/full-real-partitions/seed-71/attempt-01/selected_edges.csv","37489","E1103DB88F29CBC92B31D37EE2B5EC555986C89D82FFDB6FBBBE67C9B10194C4"
"EXP-SHIL-SC-001/dry_bean/outputs/full-real-partitions/seed-71/attempt-01/selection_frequencies.csv","365026","7F946E4DE8E50CF1304C6B31BA9F9675FB0AE3DC381EA589480CFFDD647E1A0F"
"EXP-SHIL-SC-001/dry_bean/outputs/full-real-partitions/seed-89/attempt-01/base_fit_diagnostics.csv","15661","B9320918FF7CD82120F49B77F3261EC001CB4B37750ADABDECB48A1E982C8176"
"EXP-SHIL-SC-001/dry_bean/outputs/full-real-partitions/seed-89/attempt-01/calibration_path.csv","2141","57627EFD2A23C5A52EF9EC61C5873B99ED87EFCF7B0677CD20AB6040CC25AB39"
"EXP-SHIL-SC-001/dry_bean/outputs/full-real-partitions/seed-89/attempt-01/config_resolved.json","5079","4D9C3EB7CE808642934CAEC3B37A64E1DA8A0BCCAC117B61E887B80208D6CF89"
"EXP-SHIL-SC-001/dry_bean/outputs/full-real-partitions/seed-89/attempt-01/dataset_manifest.csv","1535","46224B758B9BCE6403C6DF35E4A73890E20F427F9E35E273D734DEB1B252E5A7"
"EXP-SHIL-SC-001/dry_bean/outputs/full-real-partitions/seed-89/attempt-01/environment.json","550","FC28E2098684D87FC55D6999B8AC27668BF71A05C8F5ECF63DE28B6FD520FA6F"
"EXP-SHIL-SC-001/dry_bean/outputs/full-real-partitions/seed-89/attempt-01/metrics.csv","1922","0E0ACC48ADA045D55063B1C191EA3C325C2C6EAA089002141328FC81137E109B"
"EXP-SHIL-SC-001/dry_bean/outputs/full-real-partitions/seed-89/attempt-01/output_hashes.json","1017","044CAAAA480ABF76E6B54F660E7CB3733717178CEF7909C9CE59672D5F346CCF"
"EXP-SHIL-SC-001/dry_bean/outputs/full-real-partitions/seed-89/attempt-01/partition_status.json","652","38403049AE3AF7C09861365D2425491F58751C850B39AA8963D43C2C798EDCCF"
"EXP-SHIL-SC-001/dry_bean/outputs/full-real-partitions/seed-89/attempt-01/progress.jsonl","344","1CEF921EF347F26C5D41EE6FC25F8030270832D9FB913194EFFE6A467E4188D8"
"EXP-SHIL-SC-001/dry_bean/outputs/full-real-partitions/seed-89/attempt-01/run_identity.json","659","386A65E6F74DFC13755BE27E56D604E73B36F2131907580DDB349511387B72C3"
"EXP-SHIL-SC-001/dry_bean/outputs/full-real-partitions/seed-89/attempt-01/run_summary.json","223","2867EC8AB4C7B8B8956C9856D0C51E3A31FAE92FCABEB55F6E37FE0282EBD988"
"EXP-SHIL-SC-001/dry_bean/outputs/full-real-partitions/seed-89/attempt-01/selected_edges.csv","33670","33B888FED00F3BB902618BCFFA91A7522FDB53B439DA038275AC8E49329563E9"
"EXP-SHIL-SC-001/dry_bean/outputs/full-real-partitions/seed-89/attempt-01/selection_frequencies.csv","365022","0DA82406E48F6167696F7BE64E8AA2B60CEB5EC142A1B77ED2465B7F57C7A017"
"EXP-SHIL-SC-001/dry_bean_recovery_run_manifest.json","1466","7727E956EE3836B89640468DF901726CC4BFDFDEDC9B8F3CB414915F2E8DC0F9"
"EXP-SHIL-SC-001/dry_bean_recovery_source_manifest.json","1570","A1C11BDD35B1D42A0EB25A81EEF4AD1356076EF801178039F1CE64A7ACB9E437"
"EXP-SHIL-SC-001/full_synthetic_run_manifest.json","4489","B790E0AE7AF1D699B85A3182ABE5F0128160B65D7E4000D537368BFE8292024A"
"EXP-SHIL-SC-001/full_synthetic_source_manifest.json","2394","851645ADCECB3F9E8AD8180EB0A44EF222CC56CED5A9BB9BEED05406D584F150"
"EXP-SHIL-SC-001/protocol/method_extension_protocol_20260717.md","9900","0D4826686126386AA35BB8975C33B1CADAE6C74CAA0A2DD425F5AFF2062053DC"
"EXP-SHIL-SC-001/README.md","2123","E4EC2BF8BA8E0D811F75D71566A5C0360BA9066DEF49996BEF59CD01D1AEF8AD"
"EXP-SHIL-SC-001/release_closure.json","1245","31576E476DE87D31F956CDB1A930B99D8AF68EB1BE5B5904365717CDADE9479A"
"EXP-SHIL-SC-001/requirements_locked.txt","75","FBD43A713C45CA6483E7DDE9582518A8E49E40D222A0E30B20081604645C9052"
"EXP-SHIL-SC-001/src/analyze_results.py","11779","BCDFF7470F9AC96762A44EE05F503F792A459121432CEA6C237F9CFE1F546CD8"
"EXP-SHIL-SC-001/src/run_partitioned_full_real.py","13999","BA2774EBD05B03B2F2D62E5F964825B99871B5286FFA42DAA3A2C7C5DA842D74"
"EXP-SHIL-SC-001/src/sc_shil_experiment.py","46019","48528D1B52D57EFD3344DD0745775AE58C317DB0C50FBC20882711FCDAA1C64E"
"EXP-SHIL-SC-001/synthetic/analysis/analysis_summary.json","251","309032BFFC561E25BAAF796B438FF667950DD568C58E39CEEA49B726DE93F697"
"EXP-SHIL-SC-001/synthetic/analysis/metrics_summary.csv","9809","D35D699F7FEF8F11BA5B5BAF00B1077EC41395843991B530E799AC09E908D431"
"EXP-SHIL-SC-001/synthetic/analysis/metrics_with_run_stability.csv","185925","615D516A52AE95FCEF4D8DFF6141F47C8A4A885D55F5C39BF1C76241CEB30201"
"EXP-SHIL-SC-001/synthetic/analysis/paired_decision_intervals.csv","656","073478F3C6B4CD5642BE53CA2E61CA5E5F271B1F71031D1825C143A1ED3811D7"
"EXP-SHIL-SC-001/synthetic/analysis/support_stability.csv","5873","0787335CF30D60C61F02AF442758A0F004321D70AD9664C37D656423A2F057BD"
"EXP-SHIL-SC-001/synthetic/outputs/base_fit_diagnostics.csv","1598247","E0A6261154190744F80E6C46A46E5056CBE17F6757D3FA8A9571965F270657C5"
"EXP-SHIL-SC-001/synthetic/outputs/calibration_path.csv","39071","5D37B968C63A08FA73E44938E8B4B81DF7B2E77FBEC83881EDC9DBE1845A8CF6"
"EXP-SHIL-SC-001/synthetic/outputs/config_resolved.json","5136","B8E2C2B822C5FB7B572975E82944214F77DC92AE1C9532C97932DF71DCBB2AB2"
"EXP-SHIL-SC-001/synthetic/outputs/dataset_manifest.csv","37165","451373B567CABBEE5DF2720D81F8B90AA3DBE9CE613837B73839BE69ACF66087"
"EXP-SHIL-SC-001/synthetic/outputs/environment.json","542","C7C455DF4BAF31930C8F11265FF90166876B9457D1B2EE01C1CEC1DF254EBE6C"
"EXP-SHIL-SC-001/synthetic/outputs/metrics.csv","183180","8BAA99EFB983E6F3F0EBBA7D1BCAD2DB940D13F5DF4DEA56CDF7E705FE49CF0B"
"EXP-SHIL-SC-001/synthetic/outputs/output_hashes.json","1029","317DB51894C832E9F11764DB1048E85BD011A8C6A27143BA5C7BD74664841920"
"EXP-SHIL-SC-001/synthetic/outputs/progress.jsonl","40845","D7719634649AA9C10A39E68165D3E9EF65B0E620BC6CB0C5E941031FCE0D5010"
"EXP-SHIL-SC-001/synthetic/outputs/run_identity.json","752","20CE2A76446DAB444559ED0713CC45C3450F7B709E6D1A885AD8BEAC44FE1E3F"
"EXP-SHIL-SC-001/synthetic/outputs/run_summary.json","239","807EFE633C778ED2448380A1F182B6DEBBF492154246E32F171CBB9393AE0B83"
"EXP-SHIL-SC-001/synthetic/outputs/selected_edges.csv","779717","E373B797FB59CBF6AE0141E310DAEBECC71B59B7911B0B14B43811C5B4B9C13F"
"EXP-SHIL-SC-001/synthetic/outputs/selection_frequencies.csv","67129871","CF7516EAC459A099988EB432355C122C7EC70D3986006E9CAE2544868C61D237"
"EXP-SHIL-SC-001/tests/test_partitioned_full_real.py","2960","2360866A880DD7F515C7B7FCBB8A70545EE08A2DD23C04ABAE7C322F4E546626"
"EXP-SHIL-SC-001/tests/test_sc_shil.py","7158","7D7453088688F6E5932DE47A9FA484A46649F7A36F7F919CB7422C5D2B922D67"
"README.md","1470","629B6BA09203252B4AF45CC7ED5BE8D77D74E7432F5B2377F560623178569E43"
