dataset,scenario,data_seed,split_seed,model,rank,edge,order,is_true_edge
dry_bean_uci,dry_bean_uci,23,23,L1-full,1,9-10,2,
dry_bean_uci,dry_bean_uci,23,23,L1-full,2,3-12,2,
dry_bean_uci,dry_bean_uci,23,23,L1-full,3,10-12,2,
dry_bean_uci,dry_bean_uci,23,23,L1-full,4,1-12,2,
dry_bean_uci,dry_bean_uci,23,23,L1-full,5,7-12,2,
dry_bean_uci,dry_bean_uci,23,23,L1-full,6,9-10-12,3,
dry_bean_uci,dry_bean_uci,23,23,L1-full,7,12-13,2,
dry_bean_uci,dry_bean_uci,23,23,L1-full,8,12-15,2,
dry_bean_uci,dry_bean_uci,23,23,L1-full,9,2-12,2,
dry_bean_uci,dry_bean_uci,23,23,L1-full,10,10-15,2,
dry_bean_uci,dry_bean_uci,23,23,L1-full,11,9-10-15,3,
dry_bean_uci,dry_bean_uci,23,23,L1-full,12,4-11-14,3,
dry_bean_uci,dry_bean_uci,23,23,L1-full,13,6-12,2,
dry_bean_uci,dry_bean_uci,23,23,L1-full,14,0-12,2,
dry_bean_uci,dry_bean_uci,23,23,L1-full,15,9-15,2,
dry_bean_uci,dry_bean_uci,23,23,L1-full,16,3-7-12,3,
dry_bean_uci,dry_bean_uci,23,23,L1-full,17,1-3-12,3,
dry_bean_uci,dry_bean_uci,23,23,L1-full,18,4-5-11,3,
dry_bean_uci,dry_bean_uci,23,23,L1-full,19,4-5-14,3,
dry_bean_uci,dry_bean_uci,23,23,L1-full,20,1-10,2,
dry_bean_uci,dry_bean_uci,23,23,L1-full,21,3-9-10,3,
dry_bean_uci,dry_bean_uci,23,23,L1-full,22,1-3,2,
dry_bean_uci,dry_bean_uci,23,23,L1-full,23,5-11-14,3,
dry_bean_uci,dry_bean_uci,23,23,L1-full,24,1-7-12,3,
dry_bean_uci,dry_bean_uci,23,23,L1-full,25,3-10,2,
dry_bean_uci,dry_bean_uci,23,23,L1-full,26,13-15,2,
dry_bean_uci,dry_bean_uci,23,23,L1-full,27,3-7,2,
dry_bean_uci,dry_bean_uci,23,23,L1-full,28,5-12,2,
dry_bean_uci,dry_bean_uci,23,23,L1-full,29,1-9-10,3,
dry_bean_uci,dry_bean_uci,23,23,L1-full,30,10-13,2,
dry_bean_uci,dry_bean_uci,23,23,L1-full,31,14-15,2,
dry_bean_uci,dry_bean_uci,23,23,L1-full,32,9-12,2,
dry_bean_uci,dry_bean_uci,23,23,L1-full,33,11-15,2,
dry_bean_uci,dry_bean_uci,23,23,L1-full,34,1-7,2,
dry_bean_uci,dry_bean_uci,23,23,L1-full,35,2-7-12,3,
dry_bean_uci,dry_bean_uci,23,23,L1-full,36,9-10-13,3,
dry_bean_uci,dry_bean_uci,23,23,L1-full,37,7-9-10,3,
dry_bean_uci,dry_bean_uci,23,23,L1-full,38,2-3,2,
dry_bean_uci,dry_bean_uci,23,23,L1-full,39,3-13,2,
dry_bean_uci,dry_bean_uci,23,23,L1-full,40,12-14,2,
dry_bean_uci,dry_bean_uci,23,23,L1-full,41,7-10,2,
dry_bean_uci,dry_bean_uci,23,23,L1-full,42,1-2-12,3,
dry_bean_uci,dry_bean_uci,23,23,L1-full,43,5-15,2,
dry_bean_uci,dry_bean_uci,23,23,L1-full,44,1-10-12,3,
dry_bean_uci,dry_bean_uci,23,23,L1-full,45,3-6,2,
dry_bean_uci,dry_bean_uci,23,23,L1-full,46,0-3,2,
dry_bean_uci,dry_bean_uci,23,23,L1-full,47,2-3-12,3,
dry_bean_uci,dry_bean_uci,23,23,L1-full,48,8-10,2,
dry_bean_uci,dry_bean_uci,23,23,L1-full,49,11-12,2,
dry_bean_uci,dry_bean_uci,23,23,L1-full,50,3-6-12,3,
dry_bean_uci,dry_bean_uci,23,23,L1-full,51,0-3-12,3,
dry_bean_uci,dry_bean_uci,23,23,L1-full,52,5-9-10,3,
dry_bean_uci,dry_bean_uci,23,23,L1-full,53,9-10-14,3,
dry_bean_uci,dry_bean_uci,23,23,L1-full,54,11-14-15,3,
dry_bean_uci,dry_bean_uci,23,23,L1-full,55,1-2,2,
dry_bean_uci,dry_bean_uci,23,23,L1-full,56,7-15,2,
dry_bean_uci,dry_bean_uci,23,23,L1-full,57,4-11-13,3,
dry_bean_uci,dry_bean_uci,23,23,L1-full,58,1-13,2,
dry_bean_uci,dry_bean_uci,23,23,L1-full,59,4-15,2,
dry_bean_uci,dry_bean_uci,23,23,L1-full,60,9-10-11,3,
dry_bean_uci,dry_bean_uci,23,23,L1-full,61,1-15,2,
dry_bean_uci,dry_bean_uci,23,23,L1-full,62,1-6,2,
dry_bean_uci,dry_bean_uci,23,23,L1-full,63,3-10-12,3,
dry_bean_uci,dry_bean_uci,23,23,L1-full,64,0-1,2,
dry_bean_uci,dry_bean_uci,23,23,L1-full,65,7-13,2,
dry_bean_uci,dry_bean_uci,23,23,L1-full,66,2-7,2,
dry_bean_uci,dry_bean_uci,23,23,L1-full,67,4-13-14,3,
dry_bean_uci,dry_bean_uci,23,23,L1-full,68,4-11-15,3,
dry_bean_uci,dry_bean_uci,23,23,L1-full,69,9-12-15,3,
dry_bean_uci,dry_bean_uci,23,23,L1-full,70,4-14-15,3,
dry_bean_uci,dry_bean_uci,23,23,L1-full,71,3-15,2,
dry_bean_uci,dry_bean_uci,23,23,L1-full,72,2-9-10,3,
dry_bean_uci,dry_bean_uci,23,23,L1-full,73,0-7-12,3,
dry_bean_uci,dry_bean_uci,23,23,L1-full,74,6-7-12,3,
dry_bean_uci,dry_bean_uci,23,23,L1-full,75,4-9-15,3,
dry_bean_uci,dry_bean_uci,23,23,L1-full,76,1-6-12,3,
dry_bean_uci,dry_bean_uci,23,23,L1-full,77,0-1-12,3,
dry_bean_uci,dry_bean_uci,23,23,L1-full,78,5-13,2,
dry_bean_uci,dry_bean_uci,23,23,L1-full,79,0-6,2,
dry_bean_uci,dry_bean_uci,23,23,L1-full,80,6-7,2,
dry_bean_uci,dry_bean_uci,23,23,L1-full,81,2-15,2,
dry_bean_uci,dry_bean_uci,23,23,L1-full,82,0-7,2,
dry_bean_uci,dry_bean_uci,23,23,L1-full,83,1-3-7,3,
dry_bean_uci,dry_bean_uci,23,23,L1-full,84,4-9-10,3,
dry_bean_uci,dry_bean_uci,23,23,L1-full,85,11-13-14,3,
dry_bean_uci,dry_bean_uci,23,23,L1-full,86,1-2-7,3,
dry_bean_uci,dry_bean_uci,23,23,L1-full,87,4-12,2,
dry_bean_uci,dry_bean_uci,23,23,L1-full,88,0-3-6,3,
dry_bean_uci,dry_bean_uci,23,23,L1-full,89,0-6-12,3,
dry_bean_uci,dry_bean_uci,23,23,L1-full,90,1-3-6,3,
dry_bean_uci,dry_bean_uci,23,23,L1-full,91,12-13-15,3,
dry_bean_uci,dry_bean_uci,23,23,L1-full,92,2-13,2,
dry_bean_uci,dry_bean_uci,23,23,L1-full,93,0-1-3,3,
dry_bean_uci,dry_bean_uci,23,23,L1-full,94,4-11,2,
dry_bean_uci,dry_bean_uci,23,23,L1-full,95,2-10,2,
dry_bean_uci,dry_bean_uci,23,23,L1-full,96,11-14,2,
dry_bean_uci,dry_bean_uci,23,23,L1-full,97,4-14,2,
dry_bean_uci,dry_bean_uci,23,23,L1-full,98,2-6-12,3,
dry_bean_uci,dry_bean_uci,23,23,L1-full,99,0-2-12,3,
dry_bean_uci,dry_bean_uci,23,23,L1-full,100,13-14-15,3,
dry_bean_uci,dry_bean_uci,23,23,L1-full,101,1-3-10,3,
dry_bean_uci,dry_bean_uci,23,23,L1-full,102,2-3-7,3,
dry_bean_uci,dry_bean_uci,23,23,L1-full,103,5-14-15,3,
dry_bean_uci,dry_bean_uci,23,23,L1-full,104,4-10-11,3,
dry_bean_uci,dry_bean_uci,23,23,L1-full,105,2-6,2,
dry_bean_uci,dry_bean_uci,23,23,L1-full,106,5-11-15,3,
dry_bean_uci,dry_bean_uci,23,23,L1-full,107,0-2,2,
dry_bean_uci,dry_bean_uci,23,23,L1-full,108,1-2-3,3,
dry_bean_uci,dry_bean_uci,23,23,L1-full,109,6-9-10,3,
dry_bean_uci,dry_bean_uci,23,23,L1-full,110,0-1-6,3,
dry_bean_uci,dry_bean_uci,23,23,L1-full,111,11-13-15,3,
dry_bean_uci,dry_bean_uci,23,23,L1-full,112,0-9-10,3,
dry_bean_uci,dry_bean_uci,23,23,L1-full,113,3-6-7,3,
dry_bean_uci,dry_bean_uci,23,23,L1-full,114,0-3-7,3,
dry_bean_uci,dry_bean_uci,23,23,L1-full,115,5-13-15,3,
dry_bean_uci,dry_bean_uci,23,23,L1-full,116,7-10-12,3,
dry_bean_uci,dry_bean_uci,23,23,L1-full,117,4-10-14,3,
dry_bean_uci,dry_bean_uci,23,23,L1-full,118,3-5,2,
dry_bean_uci,dry_bean_uci,23,23,L1-full,119,1-7-10,3,
dry_bean_uci,dry_bean_uci,23,23,L1-full,120,1-6-7,3,
dry_bean_uci,dry_bean_uci,23,23,L1-full,121,0-1-7,3,
dry_bean_uci,dry_bean_uci,23,23,L1-full,122,6-13,2,
dry_bean_uci,dry_bean_uci,23,23,L1-full,123,10-11-15,3,
dry_bean_uci,dry_bean_uci,23,23,L1-full,124,0-13,2,
dry_bean_uci,dry_bean_uci,23,23,L1-full,125,6-10,2,
dry_bean_uci,dry_bean_uci,23,23,L1-full,126,0-6-7,3,
dry_bean_uci,dry_bean_uci,23,23,L1-full,127,9-14-15,3,
dry_bean_uci,dry_bean_uci,23,23,L1-full,128,2-3-6,3,
dry_bean_uci,dry_bean_uci,23,23,L1-full,129,1-9-15,3,
dry_bean_uci,dry_bean_uci,23,23,L1-full,130,13-14,2,
dry_bean_uci,dry_bean_uci,23,23,L1-full,131,0-2-3,3,
dry_bean_uci,dry_bean_uci,23,23,L1-full,132,10-11-14,3,
dry_bean_uci,dry_bean_uci,23,23,L1-full,133,5-12-14,3,
dry_bean_uci,dry_bean_uci,23,23,L1-full,134,0-10,2,
dry_bean_uci,dry_bean_uci,23,23,L1-full,135,4-9-11,3,
dry_bean_uci,dry_bean_uci,23,23,L1-full,136,4-5-13,3,
dry_bean_uci,dry_bean_uci,23,23,L1-full,137,9-11-15,3,
dry_bean_uci,dry_bean_uci,23,23,L1-full,138,0-6-13,3,
dry_bean_uci,dry_bean_uci,23,23,L1-full,139,10-14-15,3,
dry_bean_uci,dry_bean_uci,23,23,L1-full,140,1-2-6,3,
dry_bean_uci,dry_bean_uci,23,23,L1-full,141,11-12-14,3,
dry_bean_uci,dry_bean_uci,23,23,L1-full,142,0-1-2,3,
dry_bean_uci,dry_bean_uci,23,23,L1-full,143,3-9-15,3,
dry_bean_uci,dry_bean_uci,23,23,L1-full,144,1-2-10,3,
dry_bean_uci,dry_bean_uci,23,23,L1-full,145,5-11-12,3,
dry_bean_uci,dry_bean_uci,23,23,L1-full,146,2-6-7,3,
dry_bean_uci,dry_bean_uci,23,23,L1-full,147,4-5-15,3,
dry_bean_uci,dry_bean_uci,23,23,L1-full,148,0-2-6,3,
dry_bean_uci,dry_bean_uci,23,23,L1-full,149,0-2-7,3,
dry_bean_uci,dry_bean_uci,23,23,L1-full,150,8-12,2,
dry_bean_uci,dry_bean_uci,23,23,L1-full,151,5-7,2,
dry_bean_uci,dry_bean_uci,23,23,L1-full,152,5-12-13,3,
dry_bean_uci,dry_bean_uci,23,23,L1-full,153,5-11-13,3,
dry_bean_uci,dry_bean_uci,23,23,L1-full,154,11-13,2,
dry_bean_uci,dry_bean_uci,23,23,L1-full,155,4-9-14,3,
dry_bean_uci,dry_bean_uci,23,23,L1-full,156,5-9-15,3,
dry_bean_uci,dry_bean_uci,23,23,L1-full,157,1-10-15,3,
dry_bean_uci,dry_bean_uci,23,23,L1-full,158,5-13-14,3,
dry_bean_uci,dry_bean_uci,23,23,L1-full,159,10-12-13,3,
dry_bean_uci,dry_bean_uci,23,23,L1-full,160,9-13-15,3,
dry_bean_uci,dry_bean_uci,23,23,L1-full,161,5-14,2,
dry_bean_uci,dry_bean_uci,23,23,L1-full,162,4-11-12,3,
dry_bean_uci,dry_bean_uci,23,23,L1-full,163,4-5,2,
dry_bean_uci,dry_bean_uci,23,23,L1-full,164,1-5,2,
dry_bean_uci,dry_bean_uci,23,23,L1-full,165,5-11,2,
dry_bean_uci,dry_bean_uci,23,23,L1-full,166,7-12-15,3,
dry_bean_uci,dry_bean_uci,23,23,L1-full,167,4-12-14,3,
dry_bean_uci,dry_bean_uci,23,23,L1-full,168,5-10-15,3,
dry_bean_uci,dry_bean_uci,23,23,L1-full,169,4-10,2,
dry_bean_uci,dry_bean_uci,23,23,L1-full,170,4-10-15,3,
dry_bean_uci,dry_bean_uci,23,23,L1-full,171,2-5,2,
dry_bean_uci,dry_bean_uci,23,23,L1-full,172,2-12-15,3,
dry_bean_uci,dry_bean_uci,23,23,L1-full,173,3-6-13,3,
dry_bean_uci,dry_bean_uci,23,23,L1-full,174,0-3-13,3,
dry_bean_uci,dry_bean_uci,23,23,L1-full,175,0-15,2,
dry_bean_uci,dry_bean_uci,23,23,L1-full,176,3-14,2,
dry_bean_uci,dry_bean_uci,23,23,L1-full,177,4-13-15,3,
dry_bean_uci,dry_bean_uci,23,23,L1-full,178,6-15,2,
dry_bean_uci,dry_bean_uci,23,23,L1-full,179,4-5-10,3,
dry_bean_uci,dry_bean_uci,23,23,L1-full,180,1-6-10,3,
dry_bean_uci,dry_bean_uci,23,23,L1-full,181,5-10-11,3,
dry_bean_uci,dry_bean_uci,23,23,L1-full,182,0-1-10,3,
dry_bean_uci,dry_bean_uci,23,23,L1-full,183,2-13-15,3,
dry_bean_uci,dry_bean_uci,23,23,L1-full,184,2-9-15,3,
dry_bean_uci,dry_bean_uci,23,23,L1-full,185,5-10-14,3,
dry_bean_uci,dry_bean_uci,23,23,L1-full,186,1-6-13,3,
dry_bean_uci,dry_bean_uci,23,23,L1-full,187,0-1-13,3,
dry_bean_uci,dry_bean_uci,23,23,L1-full,188,1-9,2,
dry_bean_uci,dry_bean_uci,23,23,L1-full,189,2-12-13,3,
dry_bean_uci,dry_bean_uci,23,23,L1-full,190,4-5-12,3,
dry_bean_uci,dry_bean_uci,23,23,L1-full,191,3-7-10,3,
dry_bean_uci,dry_bean_uci,23,23,L1-full,192,5-6,2,
dry_bean_uci,dry_bean_uci,23,23,L1-full,193,8-9-15,3,
dry_bean_uci,dry_bean_uci,23,23,L1-full,194,3-11,2,
dry_bean_uci,dry_bean_uci,23,23,L1-full,195,1-12-15,3,
dry_bean_uci,dry_bean_uci,23,23,L1-full,196,5-10,2,
dry_bean_uci,dry_bean_uci,23,23,L1-full,197,0-5,2,
dry_bean_uci,dry_bean_uci,23,23,L1-full,198,7-9-15,3,
dry_bean_uci,dry_bean_uci,23,23,L1-full,199,2-6-13,3,
dry_bean_uci,dry_bean_uci,23,23,L1-full,200,0-2-13,3,
dry_bean_uci,dry_bean_uci,23,23,L1-full,201,4-13,2,
dry_bean_uci,dry_bean_uci,23,23,L1-full,202,7-12-13,3,
dry_bean_uci,dry_bean_uci,23,23,L1-full,203,12-13-14,3,
dry_bean_uci,dry_bean_uci,23,23,L1-full,204,3-4,2,
dry_bean_uci,dry_bean_uci,23,23,L1-full,205,4-5-9,3,
dry_bean_uci,dry_bean_uci,23,23,L1-full,206,4-10-13,3,
dry_bean_uci,dry_bean_uci,23,23,L1-full,207,6-7-13,3,
dry_bean_uci,dry_bean_uci,23,23,L1-full,208,0-7-13,3,
dry_bean_uci,dry_bean_uci,23,23,L1-full,209,10-13-15,3,
dry_bean_uci,dry_bean_uci,23,23,L1-full,210,2-14-15,3,
dry_bean_uci,dry_bean_uci,23,23,L1-full,211,10-11-13,3,
dry_bean_uci,dry_bean_uci,23,23,L1-full,212,10-14,2,
dry_bean_uci,dry_bean_uci,23,23,L1-full,213,3-9,2,
dry_bean_uci,dry_bean_uci,23,23,L1-full,214,3-5-12,3,
dry_bean_uci,dry_bean_uci,23,23,L1-full,215,10-11,2,
dry_bean_uci,dry_bean_uci,23,23,L1-full,216,4-9,2,
dry_bean_uci,dry_bean_uci,23,23,L1-full,217,11-12-13,3,
dry_bean_uci,dry_bean_uci,23,23,L1-full,218,2-7-13,3,
dry_bean_uci,dry_bean_uci,23,23,L1-full,219,2-11-15,3,
dry_bean_uci,dry_bean_uci,23,23,L1-full,220,7-13-15,3,
dry_bean_uci,dry_bean_uci,23,23,L1-full,221,10-13-14,3,
dry_bean_uci,dry_bean_uci,23,23,L1-full,222,1-3-13,3,
dry_bean_uci,dry_bean_uci,23,23,L1-full,223,2-3-13,3,
dry_bean_uci,dry_bean_uci,23,23,L1-full,224,2-10-12,3,
dry_bean_uci,dry_bean_uci,23,23,L1-full,225,9-13,2,
dry_bean_uci,dry_bean_uci,23,23,L1-full,226,3-12-15,3,
dry_bean_uci,dry_bean_uci,23,23,L1-full,227,1-12-13,3,
dry_bean_uci,dry_bean_uci,23,23,L1-full,228,3-12-14,3,
dry_bean_uci,dry_bean_uci,23,23,L1-full,229,6-10-12,3,
dry_bean_uci,dry_bean_uci,23,23,L1-full,230,1-2-13,3,
dry_bean_uci,dry_bean_uci,23,23,L1-full,231,2-5-15,3,
dry_bean_uci,dry_bean_uci,23,23,L1-full,232,3-11-12,3,
dry_bean_uci,dry_bean_uci,23,23,L1-full,233,7-14,2,
dry_bean_uci,dry_bean_uci,23,23,L1-full,234,1-10-13,3,
dry_bean_uci,dry_bean_uci,23,23,L1-full,235,0-10-12,3,
dry_bean_uci,dry_bean_uci,23,23,L1-full,236,6-12-13,3,
dry_bean_uci,dry_bean_uci,23,23,L1-full,237,0-12-13,3,
dry_bean_uci,dry_bean_uci,23,23,L1-full,238,3-4-12,3,
dry_bean_uci,dry_bean_uci,23,23,L1-full,239,3-11-14,3,
dry_bean_uci,dry_bean_uci,23,23,L1-full,240,9-11-14,3,
dry_bean_uci,dry_bean_uci,23,23,L1-full,241,3-7-13,3,
dry_bean_uci,dry_bean_uci,23,23,L1-full,242,3-4-11,3,
dry_bean_uci,dry_bean_uci,23,23,L1-full,243,3-5-14,3,
dry_bean_uci,dry_bean_uci,23,23,L1-full,244,1-7-13,3,
dry_bean_uci,dry_bean_uci,23,23,L1-full,245,3-4-14,3,
dry_bean_uci,dry_bean_uci,23,23,L1-full,246,3-12-13,3,
dry_bean_uci,dry_bean_uci,23,23,L1-full,247,2-7-10,3,
dry_bean_uci,dry_bean_uci,23,23,L1-full,248,2-14,2,
dry_bean_uci,dry_bean_uci,23,23,L1-full,249,2-6-10,3,
dry_bean_uci,dry_bean_uci,23,23,L1-full,250,3-6-10,3,
dry_bean_uci,dry_bean_uci,23,23,L1-full,251,3-5-11,3,
dry_bean_uci,dry_bean_uci,23,23,L1-full,252,0-2-10,3,
dry_bean_uci,dry_bean_uci,23,23,L1-full,253,4-9-13,3,
dry_bean_uci,dry_bean_uci,23,23,L1-full,254,0-6-10,3,
dry_bean_uci,dry_bean_uci,23,23,L1-full,255,0-3-10,3,
dry_bean_uci,dry_bean_uci,23,23,L1-full,256,1-13-15,3,
dry_bean_uci,dry_bean_uci,23,23,L1-full,257,1-14,2,
dry_bean_uci,dry_bean_uci,23,23,L1-full,258,2-3-10,3,
dry_bean_uci,dry_bean_uci,23,23,L1-full,259,6-9-15,3,
dry_bean_uci,dry_bean_uci,23,23,L1-full,260,10-12-15,3,
dry_bean_uci,dry_bean_uci,23,23,L1-full,261,7-11,2,
dry_bean_uci,dry_bean_uci,23,23,L1-full,262,6-7-10,3,
dry_bean_uci,dry_bean_uci,23,23,L1-full,263,5-10-13,3,
dry_bean_uci,dry_bean_uci,23,23,L1-full,264,5-7-12,3,
dry_bean_uci,dry_bean_uci,23,23,L1-full,265,0-7-10,3,
dry_bean_uci,dry_bean_uci,23,23,L1-full,266,2-4-11,3,
dry_bean_uci,dry_bean_uci,23,23,L1-full,267,1-4,2,
dry_bean_uci,dry_bean_uci,23,23,L1-full,268,2-4-15,3,
dry_bean_uci,dry_bean_uci,23,23,L1-full,269,4-7,2,
dry_bean_uci,dry_bean_uci,23,23,L1-full,270,2-5-13,3,
dry_bean_uci,dry_bean_uci,23,23,L1-full,271,3-4-5,3,
dry_bean_uci,dry_bean_uci,23,23,L1-full,272,0-9-15,3,
dry_bean_uci,dry_bean_uci,23,23,L1-full,273,2-11-14,3,
dry_bean_uci,dry_bean_uci,23,23,L1-full,274,2-4-14,3,
dry_bean_uci,dry_bean_uci,23,23,L1-full,275,1-5-12,3,
dry_bean_uci,dry_bean_uci,23,23,L1-full,276,7-9,2,
dry_bean_uci,dry_bean_uci,23,23,L1-full,277,2-10-15,3,
dry_bean_uci,dry_bean_uci,23,23,L1-full,278,2-11,2,
dry_bean_uci,dry_bean_uci,23,23,L1-full,279,2-4,2,
dry_bean_uci,dry_bean_uci,23,23,L1-full,280,2-7-15,3,
dry_bean_uci,dry_bean_uci,23,23,L1-full,281,2-13-14,3,
dry_bean_uci,dry_bean_uci,23,23,L1-full,282,5-9-11,3,
dry_bean_uci,dry_bean_uci,23,23,L1-full,283,1-5-15,3,
dry_bean_uci,dry_bean_uci,23,23,L1-full,284,3-5-13,3,
dry_bean_uci,dry_bean_uci,23,23,L1-full,285,3-10-15,3,
dry_bean_uci,dry_bean_uci,23,23,L1-full,286,1-11,2,
dry_bean_uci,dry_bean_uci,23,23,L1-full,287,5-7-13,3,
dry_bean_uci,dry_bean_uci,23,23,L1-full,288,9-11,2,
dry_bean_uci,dry_bean_uci,23,23,L1-full,289,2-5-12,3,
dry_bean_uci,dry_bean_uci,23,23,L1-full,290,8-13,2,
dry_bean_uci,dry_bean_uci,23,23,L1-full,291,5-12-15,3,
dry_bean_uci,dry_bean_uci,23,23,L1-full,292,1-5-13,3,
dry_bean_uci,dry_bean_uci,23,23,L1-full,293,4-12-13,3,
dry_bean_uci,dry_bean_uci,23,23,L1-full,294,2-11-13,3,
dry_bean_uci,dry_bean_uci,23,23,L1-full,295,1-8,2,
dry_bean_uci,dry_bean_uci,23,23,L1-full,296,7-10-15,3,
dry_bean_uci,dry_bean_uci,23,23,L1-full,297,5-9-14,3,
dry_bean_uci,dry_bean_uci,23,23,L1-full,298,8-15,2,
dry_bean_uci,dry_bean_uci,23,23,L1-full,299,1-14-15,3,
dry_bean_uci,dry_bean_uci,23,23,L1-full,300,7-12-14,3,
dry_bean_uci,dry_bean_uci,23,23,L1-full,301,2-5-14,3,
dry_bean_uci,dry_bean_uci,23,23,L1-full,302,1-9-12,3,
dry_bean_uci,dry_bean_uci,23,23,L1-full,303,1-11-15,3,
dry_bean_uci,dry_bean_uci,23,23,L1-full,304,2-5-11,3,
dry_bean_uci,dry_bean_uci,23,23,L1-full,305,6-10-15,3,
dry_bean_uci,dry_bean_uci,23,23,L1-full,306,0-12-15,3,
dry_bean_uci,dry_bean_uci,23,23,L1-full,307,8-9,2,
dry_bean_uci,dry_bean_uci,23,23,L1-full,308,0-10-15,3,
dry_bean_uci,dry_bean_uci,23,23,L1-full,309,6-12-15,3,
dry_bean_uci,dry_bean_uci,23,23,L1-full,310,4-6,2,
dry_bean_uci,dry_bean_uci,23,23,L1-full,311,5-6-12,3,
dry_bean_uci,dry_bean_uci,23,23,L1-full,312,0-5-12,3,
dry_bean_uci,dry_bean_uci,23,23,L1-full,313,5-7-15,3,
dry_bean_uci,dry_bean_uci,23,23,L1-full,314,9-14,2,
dry_bean_uci,dry_bean_uci,23,23,L1-full,315,3-10-13,3,
dry_bean_uci,dry_bean_uci,23,23,L1-full,316,0-4,2,
dry_bean_uci,dry_bean_uci,23,23,L1-full,317,6-13-15,3,
dry_bean_uci,dry_bean_uci,23,23,L1-full,318,0-13-15,3,
dry_bean_uci,dry_bean_uci,23,23,L1-full,319,4-9-12,3,
dry_bean_uci,dry_bean_uci,23,23,L1-full,320,1-7-15,3,
dry_bean_uci,dry_bean_uci,23,23,L1-full,321,0-9,2,
dry_bean_uci,dry_bean_uci,23,23,L1-full,322,7-11-12,3,
dry_bean_uci,dry_bean_uci,23,23,L1-full,323,2-4-5,3,
dry_bean_uci,dry_bean_uci,23,23,L1-full,324,6-14-15,3,
dry_bean_uci,dry_bean_uci,23,23,L1-full,325,3-8,2,
dry_bean_uci,dry_bean_uci,23,23,L1-full,326,1-12-14,3,
dry_bean_uci,dry_bean_uci,23,23,L1-full,327,2-8-10,3,
dry_bean_uci,dry_bean_uci,23,23,L1-full,328,2-4-13,3,
dry_bean_uci,dry_bean_uci,23,23,L1-full,329,1-3-15,3,
dry_bean_uci,dry_bean_uci,23,23,L1-full,330,6-11-15,3,
dry_bean_uci,dry_bean_uci,23,23,L1-full,331,0-14-15,3,
dry_bean_uci,dry_bean_uci,23,23,L1-full,332,3-13-15,3,
dry_bean_uci,dry_bean_uci,23,23,L1-full,333,6-9,2,
dry_bean_uci,dry_bean_uci,23,23,L1-full,334,3-9-12,3,
dry_bean_uci,dry_bean_uci,23,23,L1-full,335,7-14-15,3,
dry_bean_uci,dry_bean_uci,23,23,L1-full,336,1-8-10,3,
dry_bean_uci,dry_bean_uci,23,23,L1-full,337,6-8-10,3,
dry_bean_uci,dry_bean_uci,23,23,L1-full,338,8-9-10,3,
dry_bean_uci,dry_bean_uci,23,23,L1-full,339,0-11-15,3,
dry_bean_uci,dry_bean_uci,23,23,L1-full,340,0-8-10,3,
dry_bean_uci,dry_bean_uci,23,23,L1-full,341,7-13-14,3,
dry_bean_uci,dry_bean_uci,23,23,L1-full,342,1-2-15,3,
dry_bean_uci,dry_bean_uci,23,23,L1-full,343,2-9,2,
dry_bean_uci,dry_bean_uci,23,23,L1-full,344,6-14,2,
dry_bean_uci,dry_bean_uci,23,23,L1-full,345,0-14,2,
dry_bean_uci,dry_bean_uci,23,23,L1-full,346,1-13-14,3,
dry_bean_uci,dry_bean_uci,23,23,L1-full,347,7-8-10,3,
dry_bean_uci,dry_bean_uci,23,23,L1-full,348,1-3-9,3,
dry_bean_uci,dry_bean_uci,23,23,L1-full,349,1-4-15,3,
dry_bean_uci,dry_bean_uci,23,23,L1-full,350,2-12-14,3,
dry_bean_uci,dry_bean_uci,23,23,L1-full,351,5-6-15,3,
dry_bean_uci,dry_bean_uci,23,23,L1-full,352,0-5-6,3,
dry_bean_uci,dry_bean_uci,23,23,L1-full,353,7-11-15,3,
dry_bean_uci,dry_bean_uci,23,23,L1-full,354,1-11-12,3,
dry_bean_uci,dry_bean_uci,23,23,L1-full,355,1-4-10,3,
dry_bean_uci,dry_bean_uci,23,23,L1-full,356,3-8-12,3,
dry_bean_uci,dry_bean_uci,23,23,L1-full,357,0-12-14,3,
dry_bean_uci,dry_bean_uci,23,23,L1-full,358,6-12-14,3,
dry_bean_uci,dry_bean_uci,23,23,L1-full,359,6-11-14,3,
dry_bean_uci,dry_bean_uci,23,23,L1-full,360,0-5-15,3,
dry_bean_uci,dry_bean_uci,23,23,L1-full,361,7-10-13,3,
dry_bean_uci,dry_bean_uci,23,23,L1-full,362,0-3-15,3,
dry_bean_uci,dry_bean_uci,23,23,L1-full,363,0-11-14,3,
dry_bean_uci,dry_bean_uci,23,23,L1-full,364,3-7-15,3,
dry_bean_uci,dry_bean_uci,23,23,L1-full,365,9-11-12,3,
dry_bean_uci,dry_bean_uci,23,23,L1-full,366,7-8,2,
dry_bean_uci,dry_bean_uci,23,23,L1-full,367,3-6-15,3,
dry_bean_uci,dry_bean_uci,23,23,L1-full,368,3-4-9,3,
dry_bean_uci,dry_bean_uci,23,23,L1-full,369,3-9-11,3,
dry_bean_uci,dry_bean_uci,23,23,L1-full,370,4-6-11,3,
dry_bean_uci,dry_bean_uci,23,23,L1-full,371,5-8-15,3,
dry_bean_uci,dry_bean_uci,23,23,L1-full,372,2-10-13,3,
dry_bean_uci,dry_bean_uci,23,23,L1-full,373,0-4-11,3,
dry_bean_uci,dry_bean_uci,23,23,L1-full,374,0-6-15,3,
dry_bean_uci,dry_bean_uci,23,23,L1-full,375,5-7-14,3,
dry_bean_uci,dry_bean_uci,23,23,L1-full,376,1-5-14,3,
dry_bean_uci,dry_bean_uci,23,23,L1-full,377,3-9-14,3,
dry_bean_uci,dry_bean_uci,23,23,L1-full,378,4-6-15,3,
dry_bean_uci,dry_bean_uci,23,23,L1-full,379,4-6-14,3,
dry_bean_uci,dry_bean_uci,23,23,L1-full,380,7-11-13,3,
dry_bean_uci,dry_bean_uci,23,23,L1-full,381,1-11-13,3,
dry_bean_uci,dry_bean_uci,23,23,L1-full,382,0-4-14,3,
dry_bean_uci,dry_bean_uci,23,23,L1-full,383,0-1-15,3,
dry_bean_uci,dry_bean_uci,23,23,L1-full,384,3-8-10,3,
dry_bean_uci,dry_bean_uci,23,23,L1-full,385,2-4-10,3,
dry_bean_uci,dry_bean_uci,23,23,L1-full,386,9-11-13,3,
dry_bean_uci,dry_bean_uci,23,23,L1-full,387,0-11-12,3,
dry_bean_uci,dry_bean_uci,23,23,L1-full,388,6-11-12,3,
dry_bean_uci,dry_bean_uci,23,23,L1-full,389,1-6-15,3,
dry_bean_uci,dry_bean_uci,23,23,L1-full,390,0-4-15,3,
dry_bean_uci,dry_bean_uci,23,23,L1-full,391,6-11,2,
dry_bean_uci,dry_bean_uci,23,23,L1-full,392,9-12-14,3,
dry_bean_uci,dry_bean_uci,23,23,L1-full,393,2-3-15,3,
dry_bean_uci,dry_bean_uci,23,23,L1-full,394,0-11,2,
dry_bean_uci,dry_bean_uci,23,23,L1-full,395,5-8,2,
dry_bean_uci,dry_bean_uci,23,23,L1-full,396,2-11-12,3,
dry_bean_uci,dry_bean_uci,23,23,L1-full,397,8-11-12,3,
dry_bean_uci,dry_bean_uci,23,23,L1-full,398,8-12-14,3,
dry_bean_uci,dry_bean_uci,23,23,L1-full,399,3-13-14,3,
dry_bean_uci,dry_bean_uci,23,23,L1-full,400,0-6-8,3,
dry_bean_uci,dry_bean_uci,23,23,L1-full,401,2-4-9,3,
dry_bean_uci,dry_bean_uci,23,23,L1-full,402,1-5-11,3,
dry_bean_uci,dry_bean_uci,23,23,L1-full,403,4-8-12,3,
dry_bean_uci,dry_bean_uci,23,23,L1-full,404,8-14,2,
dry_bean_uci,dry_bean_uci,23,23,L1-full,405,5-7-11,3,
dry_bean_uci,dry_bean_uci,23,23,L1-full,406,1-11-14,3,
dry_bean_uci,dry_bean_uci,23,23,L1-full,407,1-7-9,3,
dry_bean_uci,dry_bean_uci,23,23,L1-full,408,8-11,2,
dry_bean_uci,dry_bean_uci,23,23,L1-full,409,9-13-14,3,
dry_bean_uci,dry_bean_uci,23,23,L1-full,410,5-6-11,3,
dry_bean_uci,dry_bean_uci,23,23,L1-full,411,12-14-15,3,
dry_bean_uci,dry_bean_uci,23,23,L1-full,412,0-7-15,3,
dry_bean_uci,dry_bean_uci,23,23,L1-full,413,0-5-11,3,
dry_bean_uci,dry_bean_uci,23,23,L1-full,414,3-5-9,3,
dry_bean_uci,dry_bean_uci,23,23,L1-full,415,4-7-12,3,
dry_bean_uci,dry_bean_uci,23,23,L1-full,416,5-6-14,3,
dry_bean_uci,dry_bean_uci,23,23,L1-full,417,4-8,2,
dry_bean_uci,dry_bean_uci,23,23,L1-full,418,0-5-14,3,
dry_bean_uci,dry_bean_uci,23,23,L1-full,419,7-11-14,3,
dry_bean_uci,dry_bean_uci,23,23,L1-full,420,0-2-15,3,
dry_bean_uci,dry_bean_uci,23,23,L1-full,421,6-7-15,3,
dry_bean_uci,dry_bean_uci,23,23,L1-full,422,3-5-7,3,
dry_bean_uci,dry_bean_uci,23,23,L1-full,423,7-8-12,3,
dry_bean_uci,dry_bean_uci,23,23,L1-full,424,2-8,2,
dry_bean_uci,dry_bean_uci,23,23,L1-full,425,5-8-12,3,
dry_bean_uci,dry_bean_uci,23,23,L1-full,426,2-6-15,3,
dry_bean_uci,dry_bean_uci,23,23,L1-full,427,4-5-6,3,
dry_bean_uci,dry_bean_uci,23,23,L1-full,428,0-4-5,3,
dry_bean_uci,dry_bean_uci,23,23,L1-full,429,6-10-13,3,
dry_bean_uci,dry_bean_uci,23,23,L1-full,430,4-10-12,3,
dry_bean_uci,dry_bean_uci,23,23,L1-full,431,3-11-13,3,
dry_bean_uci,dry_bean_uci,23,23,L1-full,432,0-6-14,3,
dry_bean_uci,dry_bean_uci,23,23,L1-full,433,0-10-13,3,
dry_bean_uci,dry_bean_uci,23,23,L1-full,434,1-8-12,3,
dry_bean_uci,dry_bean_uci,23,23,L1-full,435,3-6-8,3,
dry_bean_uci,dry_bean_uci,23,23,L1-full,436,0-3-8,3,
dry_bean_uci,dry_bean_uci,23,23,L1-full,437,5-9-13,3,
dry_bean_uci,dry_bean_uci,23,23,L1-full,438,4-8-9,3,
dry_bean_uci,dry_bean_uci,23,23,L1-full,439,1-6-9,3,
dry_bean_uci,dry_bean_uci,23,23,L1-full,440,0-1-9,3,
dry_bean_uci,dry_bean_uci,23,23,L1-full,441,4-7-15,3,
dry_bean_uci,dry_bean_uci,23,23,L1-full,442,0-3-5,3,
dry_bean_uci,dry_bean_uci,23,23,L1-full,443,3-5-6,3,
dry_bean_uci,dry_bean_uci,23,23,L1-full,444,5-8-9,3,
dry_bean_uci,dry_bean_uci,23,23,L1-full,445,1-2-9,3,
dry_bean_uci,dry_bean_uci,23,23,L1-full,446,2-5-6,3,
dry_bean_uci,dry_bean_uci,23,23,L1-full,447,1-6-8,3,
dry_bean_uci,dry_bean_uci,23,23,L1-full,448,1-3-5,3,
dry_bean_uci,dry_bean_uci,23,23,L1-full,449,0-1-8,3,
dry_bean_uci,dry_bean_uci,23,23,L1-full,450,0-2-5,3,
dry_bean_uci,dry_bean_uci,23,23,L1-full,451,3-7-14,3,
dry_bean_uci,dry_bean_uci,23,23,L1-full,452,5-9,2,
dry_bean_uci,dry_bean_uci,23,23,L1-full,453,8-14-15,3,
dry_bean_uci,dry_bean_uci,23,23,L1-full,454,4-6-10,3,
dry_bean_uci,dry_bean_uci,23,23,L1-full,455,1-4-12,3,
dry_bean_uci,dry_bean_uci,23,23,L1-full,456,2-10-11,3,
dry_bean_uci,dry_bean_uci,23,23,L1-full,457,1-5-7,3,
dry_bean_uci,dry_bean_uci,23,23,L1-full,458,1-10-11,3,
dry_bean_uci,dry_bean_uci,23,23,L1-full,459,1-4-11,3,
dry_bean_uci,dry_bean_uci,23,23,L1-full,460,1-4-14,3,
dry_bean_uci,dry_bean_uci,23,23,L1-full,461,0-4-10,3,
dry_bean_uci,dry_bean_uci,23,23,L1-full,462,4-6-12,3,
dry_bean_uci,dry_bean_uci,23,23,L1-full,463,0-4-12,3,
dry_bean_uci,dry_bean_uci,23,23,L1-full,464,2-3-5,3,
dry_bean_uci,dry_bean_uci,23,23,L1-full,465,6-7-8,3,
dry_bean_uci,dry_bean_uci,23,23,L1-full,466,0-7-8,3,
dry_bean_uci,dry_bean_uci,23,23,L1-full,467,3-7-11,3,
dry_bean_uci,dry_bean_uci,23,23,L1-full,468,1-4-13,3,
dry_bean_uci,dry_bean_uci,23,23,L1-full,469,1-2-4,3,
dry_bean_uci,dry_bean_uci,23,23,L1-full,470,1-7-14,3,
dry_bean_uci,dry_bean_uci,23,23,L1-full,471,0-6-11,3,
dry_bean_uci,dry_bean_uci,23,23,L1-full,472,1-4-9,3,
dry_bean_uci,dry_bean_uci,23,23,L1-full,473,8-12-15,3,
dry_bean_uci,dry_bean_uci,23,23,L1-full,474,0-4-9,3,
dry_bean_uci,dry_bean_uci,23,23,L1-full,475,1-2-14,3,
dry_bean_uci,dry_bean_uci,23,23,L1-full,476,1-2-11,3,
dry_bean_uci,dry_bean_uci,23,23,L1-full,477,11-12-15,3,
dry_bean_uci,dry_bean_uci,23,23,L1-full,478,8-9-11,3,
dry_bean_uci,dry_bean_uci,23,23,L1-full,479,4-6-9,3,
dry_bean_uci,dry_bean_uci,23,23,L1-full,480,8-9-14,3,
dry_bean_uci,dry_bean_uci,23,23,L1-full,481,1-7-11,3,
dry_bean_uci,dry_bean_uci,23,23,L1-full,482,1-2-5,3,
dry_bean_uci,dry_bean_uci,23,23,L1-full,483,4-7-11,3,
dry_bean_uci,dry_bean_uci,23,23,L1-full,484,4-7-14,3,
dry_bean_uci,dry_bean_uci,23,23,L1-full,485,8-11-15,3,
dry_bean_uci,dry_bean_uci,23,23,L1-full,486,8-12-13,3,
dry_bean_uci,dry_bean_uci,23,23,L1-full,487,2-5-7,3,
dry_bean_uci,dry_bean_uci,23,23,L1-full,488,4-8-15,3,
dry_bean_uci,dry_bean_uci,23,23,L1-full,489,3-4-15,3,
dry_bean_uci,dry_bean_uci,23,23,L1-full,490,6-10-11,3,
dry_bean_uci,dry_bean_uci,23,23,L1-full,491,4-8-11,3,
dry_bean_uci,dry_bean_uci,23,23,L1-full,492,2-7-14,3,
dry_bean_uci,dry_bean_uci,23,23,L1-full,493,2-3-14,3,
dry_bean_uci,dry_bean_uci,23,23,L1-full,494,2-6-8,3,
dry_bean_uci,dry_bean_uci,23,23,L1-full,495,2-10-14,3,
dry_bean_uci,dry_bean_uci,23,23,L1-full,496,0-10-11,3,
dry_bean_uci,dry_bean_uci,23,23,L1-full,497,0-2-8,3,
dry_bean_uci,dry_bean_uci,23,23,L1-full,498,2-8-12,3,
dry_bean_uci,dry_bean_uci,23,23,L1-full,499,0-9-11,3,
dry_bean_uci,dry_bean_uci,23,23,L1-full,500,1-4-5,3,
dry_bean_uci,dry_bean_uci,23,23,L1-full,501,2-7-11,3,
dry_bean_uci,dry_bean_uci,23,23,L1-full,502,1-10-14,3,
dry_bean_uci,dry_bean_uci,23,23,L1-full,503,0-8-12,3,
dry_bean_uci,dry_bean_uci,23,23,L1-full,504,6-8-12,3,
dry_bean_uci,dry_bean_uci,23,23,L1-full,505,4-7-9,3,
dry_bean_uci,dry_bean_uci,23,23,L1-full,506,0-9-14,3,
dry_bean_uci,dry_bean_uci,23,23,L1-full,507,1-3-14,3,
dry_bean_uci,dry_bean_uci,23,23,L1-full,508,6-9-11,3,
dry_bean_uci,dry_bean_uci,23,23,L1-full,509,1-5-6,3,
dry_bean_uci,dry_bean_uci,23,23,L1-full,510,4-5-7,3,
dry_bean_uci,dry_bean_uci,23,23,L1-full,511,0-1-5,3,
dry_bean_uci,dry_bean_uci,23,23,L1-full,512,1-4-7,3,
dry_bean_uci,dry_bean_uci,23,23,L1-full,513,4-6-13,3,
dry_bean_uci,dry_bean_uci,23,23,L1-full,514,0-4-13,3,
dry_bean_uci,dry_bean_uci,23,23,L1-full,515,2-3-11,3,
dry_bean_uci,dry_bean_uci,23,23,L1-full,516,6-9-14,3,
dry_bean_uci,dry_bean_uci,23,23,L1-full,517,4-7-13,3,
dry_bean_uci,dry_bean_uci,23,23,L1-full,518,1-7-8,3,
dry_bean_uci,dry_bean_uci,23,23,L1-full,519,1-9-11,3,
dry_bean_uci,dry_bean_uci,23,23,L1-full,520,4-8-14,3,
dry_bean_uci,dry_bean_uci,23,23,L1-full,521,1-3-8,3,
dry_bean_uci,dry_bean_uci,23,23,L1-full,522,6-10-14,3,
dry_bean_uci,dry_bean_uci,23,23,L1-full,523,0-2-14,3,
dry_bean_uci,dry_bean_uci,23,23,L1-full,524,5-6-13,3,
dry_bean_uci,dry_bean_uci,23,23,L1-full,525,2-6-14,3,
dry_bean_uci,dry_bean_uci,23,23,L1-full,526,0-5-13,3,
dry_bean_uci,dry_bean_uci,23,23,L1-full,527,2-9-11,3,
dry_bean_uci,dry_bean_uci,23,23,L1-full,528,4-7-10,3,
dry_bean_uci,dry_bean_uci,23,23,L1-full,529,0-10-14,3,
dry_bean_uci,dry_bean_uci,23,23,L1-full,530,7-9-11,3,
dry_bean_uci,dry_bean_uci,23,23,L1-full,531,3-7-8,3,
dry_bean_uci,dry_bean_uci,23,23,L1-full,532,0-2-11,3,
dry_bean_uci,dry_bean_uci,23,23,L1-full,533,6-11-13,3,
dry_bean_uci,dry_bean_uci,23,23,L1-full,534,1-9-14,3,
dry_bean_uci,dry_bean_uci,23,23,L1-full,535,0-5-9,3,
dry_bean_uci,dry_bean_uci,23,23,L1-full,536,2-6-11,3,
dry_bean_uci,dry_bean_uci,23,23,L1-full,537,0-11-13,3,
dry_bean_uci,dry_bean_uci,23,23,L1-full,538,1-3-11,3,
dry_bean_uci,dry_bean_uci,23,23,L1-full,539,7-9-14,3,
dry_bean_uci,dry_bean_uci,23,23,L1-full,540,3-4-7,3,
dry_bean_uci,dry_bean_uci,23,23,L1-full,541,6-13-14,3,
dry_bean_uci,dry_bean_uci,23,23,L1-full,542,0-13-14,3,
dry_bean_uci,dry_bean_uci,23,23,L1-full,543,2-4-7,3,
dry_bean_uci,dry_bean_uci,23,23,L1-full,544,8-11-14,3,
dry_bean_uci,dry_bean_uci,23,23,L1-full,545,5-6-9,3,
dry_bean_uci,dry_bean_uci,23,23,L1-full,546,5-9-12,3,
dry_bean_uci,dry_bean_uci,23,23,L1-full,547,1-2-8,3,
dry_bean_uci,dry_bean_uci,23,23,L1-full,548,3-5-15,3,
dry_bean_uci,dry_bean_uci,23,23,L1-full,549,3-4-10,3,
dry_bean_uci,dry_bean_uci,23,23,L1-full,550,3-11-15,3,
dry_bean_uci,dry_bean_uci,23,23,L1-full,551,2-9-14,3,
dry_bean_uci,dry_bean_uci,23,23,L1-full,552,5-6-7,3,
dry_bean_uci,dry_bean_uci,23,23,L1-full,553,0-5-7,3,
dry_bean_uci,dry_bean_uci,23,23,L1-full,554,8-10-12,3,
dry_bean_uci,dry_bean_uci,23,23,L1-full,555,0-2-4,3,
dry_bean_uci,dry_bean_uci,23,23,L1-full,556,2-7-8,3,
dry_bean_uci,dry_bean_uci,23,23,L1-full,557,2-4-6,3,
dry_bean_uci,dry_bean_uci,23,23,L1-full,558,2-3-8,3,
dry_bean_uci,dry_bean_uci,23,23,L1-full,559,3-4-13,3,
dry_bean_uci,dry_bean_uci,23,23,L1-full,560,3-14-15,3,
dry_bean_uci,dry_bean_uci,23,23,L1-full,561,0-1-14,3,
dry_bean_uci,dry_bean_uci,23,23,L1-full,562,1-6-14,3,
dry_bean_uci,dry_bean_uci,23,23,L1-full,563,0-1-11,3,
dry_bean_uci,dry_bean_uci,23,23,L1-full,564,1-6-11,3,
dry_bean_uci,dry_bean_uci,23,23,L1-full,565,0-7-11,3,
dry_bean_uci,dry_bean_uci,23,23,L1-full,566,0-4-7,3,
dry_bean_uci,dry_bean_uci,23,23,L1-full,567,1-5-10,3,
dry_bean_uci,dry_bean_uci,23,23,L1-full,568,0-7-14,3,
dry_bean_uci,dry_bean_uci,23,23,L1-full,569,6-7-11,3,
dry_bean_uci,dry_bean_uci,23,23,L1-full,570,0-3-14,3,
dry_bean_uci,dry_bean_uci,23,23,L1-full,571,3-6-14,3,
dry_bean_uci,dry_bean_uci,23,23,L1-full,572,0-1-4,3,
dry_bean_uci,dry_bean_uci,23,23,L1-full,573,4-6-7,3,
dry_bean_uci,dry_bean_uci,23,23,L1-full,574,6-7-14,3,
dry_bean_uci,dry_bean_uci,23,23,L1-full,575,3-4-6,3,
dry_bean_uci,dry_bean_uci,23,23,L1-full,576,2-5-9,3,
dry_bean_uci,dry_bean_uci,23,23,L1-full,577,1-4-6,3,
dry_bean_uci,dry_bean_uci,23,23,L1-full,578,0-3-4,3,
dry_bean_uci,dry_bean_uci,23,23,L1-full,579,3-6-11,3,
dry_bean_uci,dry_bean_uci,23,23,L1-full,580,3-4-8,3,
dry_bean_uci,dry_bean_uci,23,23,L1-full,581,0-3-11,3,
dry_bean_uci,dry_bean_uci,23,23,L1-full,582,5-7-9,3,
dry_bean_uci,dry_bean_uci,23,23,L1-full,583,3-10-11,3,
dry_bean_uci,dry_bean_uci,23,23,L1-full,584,1-3-4,3,
dry_bean_uci,dry_bean_uci,23,23,L1-full,585,3-8-11,3,
dry_bean_uci,dry_bean_uci,23,23,L1-full,586,4-12-15,3,
dry_bean_uci,dry_bean_uci,23,23,L1-full,587,0-4-6,3,
dry_bean_uci,dry_bean_uci,23,23,L1-full,588,2-4-12,3,
dry_bean_uci,dry_bean_uci,23,23,L1-full,589,3-8-14,3,
dry_bean_uci,dry_bean_uci,23,23,L1-full,590,6-8,2,
dry_bean_uci,dry_bean_uci,23,23,L1-full,591,4-8-10,3,
dry_bean_uci,dry_bean_uci,23,23,L1-full,592,0-8,2,
dry_bean_uci,dry_bean_uci,23,23,L1-full,593,2-3-4,3,
dry_bean_uci,dry_bean_uci,23,23,L1-full,594,5-8-14,3,
dry_bean_uci,dry_bean_uci,23,23,L1-full,595,9-12-13,3,
dry_bean_uci,dry_bean_uci,23,23,L1-full,596,3-10-14,3,
dry_bean_uci,dry_bean_uci,23,23,L1-full,597,8-10-15,3,
dry_bean_uci,dry_bean_uci,23,23,L1-full,598,1-5-9,3,
dry_bean_uci,dry_bean_uci,23,23,L1-full,599,8-13-15,3,
dry_bean_uci,dry_bean_uci,23,23,L1-full,600,2-7-9,3,
dry_bean_uci,dry_bean_uci,23,23,L1-full,601,7-8-15,3,
dry_bean_uci,dry_bean_uci,23,23,L1-full,602,3-6-9,3,
dry_bean_uci,dry_bean_uci,23,23,L1-full,603,5-8-11,3,
dry_bean_uci,dry_bean_uci,23,23,L1-full,604,2-5-10,3,
dry_bean_uci,dry_bean_uci,23,23,L1-full,605,8-13-14,3,
dry_bean_uci,dry_bean_uci,23,23,L1-full,606,7-9-12,3,
dry_bean_uci,dry_bean_uci,23,23,L1-full,607,3-7-9,3,
dry_bean_uci,dry_bean_uci,23,23,L1-full,608,8-9-12,3,
dry_bean_uci,dry_bean_uci,23,23,L1-full,609,2-8-13,3,
dry_bean_uci,dry_bean_uci,23,23,L1-full,610,0-3-9,3,
dry_bean_uci,dry_bean_uci,23,23,L1-full,611,8-9-13,3,
dry_bean_uci,dry_bean_uci,23,23,L1-full,612,8-11-13,3,
dry_bean_uci,dry_bean_uci,23,23,L1-full,613,2-9-13,3,
dry_bean_uci,dry_bean_uci,23,23,L1-full,614,2-8-15,3,
dry_bean_uci,dry_bean_uci,23,23,L1-full,615,3-5-8,3,
dry_bean_uci,dry_bean_uci,23,23,L1-full,616,0-9-12,3,
dry_bean_uci,dry_bean_uci,23,23,L1-full,617,5-8-13,3,
dry_bean_uci,dry_bean_uci,23,23,L1-full,618,4-5-8,3,
dry_bean_uci,dry_bean_uci,23,23,L1-full,619,2-6-9,3,
dry_bean_uci,dry_bean_uci,23,23,L1-full,620,2-8-9,3,
dry_bean_uci,dry_bean_uci,23,23,L1-full,621,6-9-12,3,
dry_bean_uci,dry_bean_uci,23,23,L1-full,622,5-6-10,3,
dry_bean_uci,dry_bean_uci,23,23,L1-full,623,4-8-13,3,
dry_bean_uci,dry_bean_uci,23,23,L1-full,624,0-5-10,3,
dry_bean_uci,dry_bean_uci,23,23,L1-full,625,6-7-9,3,
dry_bean_uci,dry_bean_uci,23,23,L1-full,626,0-2-9,3,
dry_bean_uci,dry_bean_uci,23,23,L1-full,627,1-8-9,3,
dry_bean_uci,dry_bean_uci,23,23,L1-full,628,7-8-13,3,
dry_bean_uci,dry_bean_uci,23,23,L1-full,629,10-11-12,3,
dry_bean_uci,dry_bean_uci,23,23,L1-full,630,8-10-13,3,
dry_bean_uci,dry_bean_uci,23,23,L1-top8,1,9-10,2,
dry_bean_uci,dry_bean_uci,23,23,L1-top8,2,3-12,2,
dry_bean_uci,dry_bean_uci,23,23,L1-top8,3,10-12,2,
dry_bean_uci,dry_bean_uci,23,23,L1-top8,4,1-12,2,
dry_bean_uci,dry_bean_uci,23,23,L1-top8,5,7-12,2,
dry_bean_uci,dry_bean_uci,23,23,L1-top8,6,9-10-12,3,
dry_bean_uci,dry_bean_uci,23,23,L1-top8,7,12-13,2,
dry_bean_uci,dry_bean_uci,23,23,L1-top8,8,12-15,2,
dry_bean_uci,dry_bean_uci,23,23,L1-match,1,9-10,2,
dry_bean_uci,dry_bean_uci,23,23,L1-match,2,3-12,2,
dry_bean_uci,dry_bean_uci,23,23,SHIL-k8,1,10-12,2,
dry_bean_uci,dry_bean_uci,23,23,SHIL-k8,2,3-12,2,
dry_bean_uci,dry_bean_uci,23,23,SHIL-k8,3,6-12,2,
dry_bean_uci,dry_bean_uci,23,23,SHIL-k8,4,0-12,2,
dry_bean_uci,dry_bean_uci,23,23,SHIL-k8,5,10-15,2,
dry_bean_uci,dry_bean_uci,23,23,SHIL-k8,6,9-10-12,3,
dry_bean_uci,dry_bean_uci,23,23,SHIL-k8,7,1-12,2,
dry_bean_uci,dry_bean_uci,23,23,SHIL-k8,8,9-10-15,3,
dry_bean_uci,dry_bean_uci,23,23,SC-L1,1,1-12,2,
dry_bean_uci,dry_bean_uci,23,23,SC-L1,2,9-10,2,
dry_bean_uci,dry_bean_uci,23,23,SC-SHIL,1,3-12,2,
dry_bean_uci,dry_bean_uci,23,23,SC-SHIL,2,10-12,2,
